"Nombre","CodigoBarra","Categoria","FechaCaducidad","Marca","Precio","Stock"
"Avena 1L","75013134939","Granos","2026-09-01","Coca Cola","22.09","478"
"Pan Frances 3u","75033182076","Panaderia","2027-11-11","Bayer","38.58","482"
"Pan Frances 750ml","75086552530","Panaderia","2027-08-10","Coca Cola","85.44","160"
"Yogurt Fresa 750ml","75095871026","Lacteos","2027-02-16","Ducal","89.19","182"
"Quinoa 3u","75092289169","Granos","2026-07-27","McCormick","86.91","191"
"Quinoa 200ml","75034583808","Granos","2026-07-25","Parma","29.34","73"
"Aguacate 500g","75099677958","Verduras","2026-05-07","Unilever","67.54","116"
"Esponja 350ml","75065145850","Limpieza","2027-06-04","Gallo","54.3","138"
"Sandia 1L","75048740839","Frutas","2027-07-17","Colgate","28.35","467"
"Shampoo 750ml","75079008413","Higiene","2027-07-18","McCormick","57.05","108"
"Palomitas 350ml","75022909156","Snacks","2027-01-01","Bayer","10.86","10"
"Cepillo Dental","75045303912","Higiene","2026-11-05","Knorr","143.36","476"
"Gatorade 1u","75048930035","Bebidas","2027-12-14","Kern","61.02","253"
"Maiz Pozolero 200ml","75034055143","Granos","2026-02-25","Colgate","44.0","405"
"Leche Chocolate 500g","75014085959","Lacteos","2026-02-18","Bayer","136.36","60"
"Tomate 100g #995","75061675558","Verduras","2027-12-18","Coca Cola","102.45","124"
"Maiz Pozolero 1L","75034413793","Granos","2027-02-15","Kelloggs","20.19","141"
"Pina 250ml","75013251531","Frutas","2026-09-09","Parma","76.9","126"
"Aceite Canola 500g","75048168848","Aceites","2027-12-21","McCormick","123.03","475"
"Garbanzo 500g","75019918663","Granos","2026-08-02","Del Monte","36.21","95"
"Bolsa Basura 1u","75052599706","Limpieza","2026-03-27","Bimbo","74.42","408"
"Quinoa #440","75072179376","Granos","2027-11-22","Colgate","55.36","92"
"Leche Entera 3u","75084939884","Lacteos","2026-11-10","Ducal","36.15","420"
"Aceite Coco","75045937780","Aceites","2026-09-10","Procter","70.56","450"
"Papaya 12u","75087431637","Frutas","2027-09-03","Colgate","64.32","192"
"Limonada 1kg","75071080667","Bebidas","2026-06-17","Procter","120.18","359"
"Espinaca 6u #1022","75028477381","Verduras","2026-01-08","Maggi","5.19","204"
"Zanahoria 12u","75072563677","Verduras","2026-05-05","Procter","58.2","196"
"Baguette 12u #530","75073566185","Panaderia","2027-06-23","Nestle","99.89","24"
"Sandia 350ml","75010997624","Frutas","2026-10-05","Ducal","93.93","299"
"Croissant 500ml","75092261536","Panaderia","2027-07-04","Lipton","75.94","262"
"Cebada 600ml #450","75031755018","Granos","2026-02-23","Kelloggs","131.09","65"
"Shampoo 1kg","75033208012","Higiene","2026-11-17","Ducal","118.53","327"
"Bolsa Basura 6u","75082166703","Limpieza","2027-12-24","Kelloggs","135.66","74"
"Maiz Pozolero 500g","75041813590","Granos","2026-10-15","Kern","95.87","183"
"Limpia Vidrios 750ml","75031484880","Limpieza","2027-10-27","McCormick","108.73","158"
"Te Helado 250g","75022429136","Bebidas","2027-11-24","Knorr","129.79","57"
"Lenteja Roja 250ml","75014528159","Granos","2027-09-25","Bayer","94.3","124"
"Toallas Humedas 100g","75063655175","Higiene","2027-08-21","Bimbo","86.05","310"
"Aceite Canola 1u","75058431788","Aceites","2026-04-21","Lipton","110.33","139"
"Jabon Bano 2kg","75055411479","Higiene","2026-09-06","Coca Cola","18.62","491"
"Aguacate 250g","75022137883","Verduras","2027-11-28","Parma","73.27","75"
"Naranja 500g #962","75086469640","Frutas","2027-04-06","Knorr","35.81","78"
"Aceite Vegetal 750ml","75089877360","Aceites","2027-10-12","Kelloggs","85.18","157"
"Aceite Aguacate 250ml","75069749994","Aceites","2026-03-23","Pilsener","52.32","326"
"Chorizo 6u","75060815732","Carnes","2027-08-22","Lipton","28.8","94"
"Aceite Maiz 600ml","75070913967","Aceites","2026-07-27","Quaker","107.87","409"
"Toallas Humedas 250ml","75022170403","Higiene","2027-06-18","Maggi","20.91","142"
"Costilla Cerdo 6u","75050721965","Carnes","2026-08-27","Quaker","62.62","90"
"Banana 1L #957","75072354972","Frutas","2027-05-28","Procter","15.69","179"
"Cloro 1L","75097658723","Limpieza","2027-02-28","Colgate","91.37","386"
"Galleta Maria 200g","75034658706","Panaderia","2027-05-17","Lipton","26.48","368"
"Banana 350ml","75021573432","Frutas","2027-05-05","Colgate","65.7","313"
"Cafe Frio 250g","75096871708","Bebidas","2027-08-22","Nestle","72.8","460"
"Kombucha 12u","75090088559","Bebidas","2027-05-12","Maggi","63.78","114"
"Costilla Cerdo 500ml","75046561656","Carnes","2027-04-12","Kern","130.08","468"
"Pepsi 500ml","75061010306","Bebidas","2027-07-12","Colgate","85.49","357"
"Galleta Maria 12u","75029161114","Panaderia","2027-05-09","Nestle","129.92","93"
"Cloro 12u","75039249908","Limpieza","2027-09-14","Knorr","91.55","262"
"Tortilla Maiz 6u","75033596930","Panaderia","2027-10-05","Pilsener","80.82","274"
"Melon 500ml","75097876814","Frutas","2027-03-25","Parma","142.9","438"
"Pan Dulce 350ml","75037615508","Panaderia","2027-06-16","Colgate","91.36","166"
"Mantequilla 1L","75078566131","Lacteos","2026-06-28","Bimbo","29.53","262"
"Lechuga #1011","75089841892","Verduras","2027-02-26","Coca Cola","5.37","6"
"Tomate 750ml","75039094146","Verduras","2027-06-11","Unilever","118.06","250"
"Lechuga 600ml","75069308005","Verduras","2027-09-07","Quaker","43.48","241"
"Queso Cheddar","75058651385","Lacteos","2026-04-17","Del Monte","122.1","383"
"Aceite Coco 350ml","75024359097","Aceites","2026-06-15","Parma","17.38","467"
"Galleta Maria 1kg","75083221500","Panaderia","2027-06-22","Lipton","99.71","228"
"Agua Pura 6u","75093652359","Bebidas","2027-07-14","McCormick","32.9","445"
"Papa 250g","75028713278","Verduras","2026-12-23","Del Monte","119.56","54"
"Pepsi 250ml","75053441338","Bebidas","2027-07-03","Kern","122.68","273"
"Manzana Roja 600ml","75078208447","Frutas","2026-02-08","Parma","18.34","30"
"Tocino 200ml","75065888433","Carnes","2027-03-26","Parma","138.98","251"
"Agua Pura 3u","75063753995","Bebidas","2026-01-14","Nestle","84.37","71"
"Te Helado 1u","75066212159","Bebidas","2026-10-07","Coca Cola","18.67","243"
"Tomate 200g","75050170499","Verduras","2027-03-17","Maggi","62.54","95"
"Pan Dulce 200g","75077418795","Panaderia","2026-04-26","Quaker","29.43","196"
"Gatorade 100g","75017403857","Bebidas","2026-06-12","Pilsener","25.69","8"
"Pina 12u","75025310993","Frutas","2026-10-07","Parma","47.58","329"
"Leche Chocolate 3u","75091302482","Lacteos","2026-09-03","La Costena","108.22","173"
"Crema Corporal 600ml","75052732166","Higiene","2026-12-14","Kern","113.65","46"
"Pan Dulce 1kg","75030082659","Panaderia","2026-06-25","McCormick","32.91","372"
"Frijol Negro 100g","75097097626","Granos","2027-06-02","Del Monte","23.36","440"
"Melon 500g","75095196978","Frutas","2026-07-11","Kelloggs","97.18","76"
"Queso Fresco 3u","75084125782","Lacteos","2027-11-10","Colgate","16.52","283"
"Papa 1u #614","75034098151","Verduras","2027-08-10","Pilsener","137.9","299"
"Limpia Vidrios 6u","75028949787","Limpieza","2026-08-04","Pilsener","56.07","486"
"Espinaca 200ml","75070966350","Verduras","2027-12-17","Pilsener","81.48","37"
"Garbanzo 1kg","75068502327","Granos","2027-01-06","La Costena","128.47","270"
"Pechuga Pollo 12u","75052316865","Carnes","2026-11-22","Parma","17.82","75"
"Pan Frances 100g","75073241415","Panaderia","2027-12-06","Procter","38.04","430"
"Jamon Pavo 1kg","75055207503","Carnes","2026-06-14","Quaker","38.83","211"
"Aceite Canola 200g #1040","75017095517","Aceites","2026-01-17","Knorr","22.7","119"
"Yogurt Fresa 500g","75029177306","Lacteos","2027-07-09","Parma","95.21","467"
"Maiz Pozolero 750ml","75016324645","Granos","2027-06-16","Gallo","132.94","388"
"Frijol Rojo 250ml","75054400765","Granos","2027-04-20","Knorr","4.0","150"
"Te Helado 1L #871","75082047731","Bebidas","2026-11-23","Procter","38.32","13"
"Kombucha 200g","75064578529","Bebidas","2027-01-11","Kelloggs","84.28","227"
"Galleta Maria 3u","75024407205","Panaderia","2026-03-06","McCormick","93.17","302"
"Naranja 500g","75030596170","Frutas","2026-06-07","Knorr","46.02","337"
"Aceite Coco 100g #1032","75013872021","Aceites","2027-11-06","Quaker","49.25","290"
"Cebolla 3u","75029890949","Verduras","2027-04-16","Nestle","100.89","473"
"Chorizo 3u","75010913765","Carnes","2026-05-13","Kern","67.05","317"
"Desinfectante 6u","75099319391","Limpieza","2027-05-21","Lipton","51.18","275"
"Chile Jalapeno 100g","75089745342","Verduras","2027-05-10","Lipton","51.12","322"
"Leche Descremada 1u","75071069596","Lacteos","2027-07-04","Procter","55.92","45"
"Agua Pura 3u #861","75044343007","Bebidas","2026-10-05","Nestle","54.76","24"
"Garbanzo","75096661077","Granos","2027-09-12","Unilever","123.13","461"
"Trapeador 350ml","75081105641","Limpieza","2026-05-17","Kelloggs","112.28","438"
"Frijol Rojo 6u","75048288278","Granos","2027-03-09","Kern","36.88","90"
"Frijol Rojo 3u #427","75026951293","Granos","2027-09-20","La Costena","99.1","206"
"Aceite Soya 200g","75049353363","Aceites","2026-07-13","Ducal","125.02","327"
"Costilla Cerdo 200ml #935","75044231660","Carnes","2026-04-04","Del Monte","108.75","480"
"Melon 2kg #988","75093076114","Frutas","2027-07-10","Maggi","113.66","91"
"Aceite Canola 100g #653","75096658927","Aceites","2026-11-19","Coca Cola","51.82","320"
"Aceite Girasol 350ml","75096711150","Aceites","2027-03-12","Coca Cola","89.88","180"
"Pretzels 3u","75035718677","Snacks","2027-05-14","Knorr","51.75","210"
"Limonada 100g","75016393353","Bebidas","2027-03-12","Colgate","58.03","136"
"Leche Chocolate 1L","75061965091","Lacteos","2026-03-02","Pilsener","66.42","388"
"Galletas Oreo 200g","75050602191","Snacks","2026-08-21","Pilsener","27.17","326"
"Trail Mix 500g","75068662032","Snacks","2027-06-12","Quaker","145.36","200"
"Pechuga Pollo 200g","75015420375","Carnes","2026-10-11","Nestle","136.26","221"
"Uva Verde 250g","75057435793","Frutas","2026-09-04","Bayer","133.88","213"
"Limonada 6u","75098684007","Bebidas","2027-03-27","Pilsener","135.51","222"
"Garbanzo 1L","75012244044","Granos","2027-02-27","Bimbo","14.12","56"
"Manzana Roja","75092940820","Frutas","2027-07-28","Procter","48.01","389"
"Pan Dulce 200ml","75099696654","Panaderia","2027-05-15","Bayer","111.08","272"
"Aceite Canola 100g","75038099948","Aceites","2027-12-09","Unilever","114.72","54"
"Aceite Oliva 750ml","75068760017","Aceites","2026-02-03","McCormick","49.21","59"
"Mango 250g","75077695386","Frutas","2027-07-17","Quaker","2.52","321"
"Tortilla Maiz 1kg","75086100448","Panaderia","2027-12-01","Procter","26.76","118"
"Jugo Naranja 200g","75097025338","Bebidas","2027-04-26","McCormick","50.89","450"
"Quinoa 750ml","75061144219","Granos","2026-07-19","Lipton","144.99","299"
"Pan Blanco 3u #891","75013283082","Panaderia","2026-03-10","Procter","22.19","322"
"Desinfectante 1kg","75015697021","Limpieza","2026-07-11","McCormick","141.53","317"
"Frijol Negro 1u","75084789651","Granos","2026-01-28","Procter","66.64","474"
"Quinoa","75071065761","Granos","2026-01-10","Kelloggs","53.92","215"
"Kombucha 1L","75035780282","Bebidas","2026-12-25","Lipton","141.45","349"
"Longaniza 3u #571","75064680289","Carnes","2027-11-09","La Costena","93.73","237"
"Cebada","75020622538","Granos","2026-04-01","Maggi","20.26","158"
"Coca Cola 200g","75079448824","Bebidas","2026-09-06","Nestle","32.61","68"
"Garbanzo 3u #838","75097236489","Granos","2027-06-14","Quaker","78.77","116"
"Pan Centeno 250ml","75015159555","Panaderia","2026-12-14","Bimbo","113.5","16"
"Pretzels 12u","75083861567","Snacks","2027-09-20","Pilsener","50.44","437"
"Yogurt Fresa 350ml","75073651793","Lacteos","2026-01-19","Knorr","60.54","327"
"Frijol Rojo 600ml","75016630086","Granos","2027-09-15","Quaker","65.43","103"
"Mango","75029975223","Frutas","2027-10-11","La Costena","5.65","17"
"Coca Cola 2kg","75014122073","Bebidas","2027-02-09","Knorr","65.34","377"
"Arroz Integral 3u","75085420193","Granos","2026-08-27","Procter","68.55","165"
"Yogurt Natural 750ml","75018912497","Lacteos","2027-07-01","Kern","139.94","64"
"Crema Agria 6u","75066489986","Lacteos","2027-11-22","Coca Cola","102.15","457"
"Tomate 12u","75075582308","Verduras","2027-07-20","Gallo","126.77","84"
"Queso Mozzarella 1L #411","75013864239","Lacteos","2026-05-16","Lipton","77.21","31"
"Pina 1L","75054762455","Frutas","2026-01-18","Kelloggs","22.75","432"
"Desodorante 3u","75022776725","Higiene","2026-05-27","Pilsener","51.67","347"
"Pretzels 2kg","75029668823","Snacks","2026-07-13","McCormick","115.79","389"
"Aceite Coco 500g #649","75064596230","Aceites","2026-04-01","Knorr","82.04","267"
"Tocino 2kg","75082857616","Carnes","2026-08-18","Coca Cola","9.73","461"
"Manzana Roja 500ml","75069512191","Frutas","2027-03-20","La Costena","54.98","152"
"Tortilla Maiz 250ml","75087617216","Panaderia","2027-01-02","Procter","58.08","105"
"Jugo Manzana 6u","75092883627","Bebidas","2027-03-10","Parma","121.12","354"
"Tomate 12u #610","75021812190","Verduras","2027-09-03","Parma","42.11","385"
"Yogurt Natural 600ml","75045789967","Lacteos","2026-06-27","Parma","3.77","84"
"Aceite Coco 100g","75085644076","Aceites","2027-11-06","Kern","145.84","246"
"Aceite Vegetal 500g","75081193397","Aceites","2027-03-13","Gallo","52.22","42"
"Muslo Pollo 600ml","75072223866","Carnes","2026-09-20","McCormick","11.54","73"
"Mango 1kg #973","75059086535","Frutas","2027-08-26","Parma","22.36","479"
"Muslo Pollo 200g #929","75096229874","Carnes","2027-11-27","Parma","53.81","218"
"Pechuga Pollo 2kg","75013071494","Carnes","2027-02-07","Maggi","55.18","316"
"Manzana Roja 12u","75020240668","Frutas","2027-10-04","Procter","129.62","206"
"Salchicha 1u #565","75041026862","Carnes","2026-06-04","Bimbo","132.52","119"
"Mango 12u","75057584907","Frutas","2026-12-12","Kelloggs","81.96","450"
"Limpia Vidrios 12u","75086820964","Limpieza","2027-10-14","Kern","94.26","93"
"Aceite Girasol 1L","75060606767","Aceites","2027-02-15","Lipton","26.8","284"
"Queso Mozzarella 200ml #815","75045508310","Lacteos","2027-03-22","Ducal","84.83","32"
"Pepsi 350ml","75044105543","Bebidas","2027-07-16","La Costena","51.83","39"
"Pechuga Pollo 3u","75094113371","Carnes","2027-02-25","Quaker","87.5","115"
"Aceite Aguacate 12u #670","75039104217","Aceites","2026-11-15","Kern","85.4","391"
"Chocolates 3u","75018957459","Snacks","2026-03-05","Del Monte","55.46","33"
"Croissant 1L","75076471942","Panaderia","2026-01-23","Nestle","25.8","272"
"Avena 12u","75045195529","Granos","2026-04-12","Ducal","71.82","39"
"Bolsa Basura 3u","75026172732","Limpieza","2026-10-04","Kern","21.94","295"
"Avena 750ml","75037788712","Granos","2026-05-22","Quaker","109.69","366"
"Yogurt Natural 350ml","75058053165","Lacteos","2027-07-11","Gallo","134.72","237"
"Frijol Negro 350ml #828","75022371709","Granos","2027-07-05","Ducal","89.3","66"
"Papaya 200ml","75020819114","Frutas","2026-10-22","Ducal","10.65","20"
"Arroz Blanco 250ml","75095868927","Granos","2026-10-28","Parma","63.5","427"
"Chile Jalapeno 2kg","75027855075","Verduras","2027-03-02","Unilever","73.87","421"
"Jabon Platos 1u","75075081210","Limpieza","2026-03-26","Pilsener","88.6","132"
"Frijol Negro 2kg","75050922789","Granos","2026-02-05","Ducal","84.41","297"
"Chorizo 500g","75062549306","Carnes","2026-11-09","Knorr","140.73","322"
"Tortilla Harina 600ml","75034246915","Panaderia","2027-10-01","Kern","82.42","471"
"Coca Cola 200g #457","75061422247","Bebidas","2026-10-21","Bayer","91.93","147"
"Pepino 500g","75095564515","Verduras","2026-12-07","Gallo","42.9","229"
"Jugo Manzana 2kg","75068490242","Bebidas","2027-09-15","Colgate","117.82","428"
"Leche Descremada 200g","75039570103","Lacteos","2027-12-04","Kern","133.6","415"
"Shampoo 1kg #753","75046768486","Higiene","2026-06-20","McCormick","81.44","129"
"Maiz Pozolero 2kg","75093644978","Granos","2027-04-20","Bayer","113.85","92"
"Kombucha 200g #490","75061625363","Bebidas","2027-04-11","La Costena","82.63","178"
"Papa 600ml","75036871593","Verduras","2026-05-14","Kern","97.73","200"
"Bolsa Basura 200ml","75031602996","Limpieza","2026-04-04","Coca Cola","123.89","296"
"Doritos 350ml","75061789382","Snacks","2026-07-22","Parma","37.86","38"
"Queso Mozzarella 500g","75054851428","Lacteos","2026-12-07","La Costena","119.35","163"
"Sandia 250ml","75023894141","Frutas","2027-09-12","La Costena","73.57","202"
"Yogurt Natural 500ml","75064721256","Lacteos","2027-10-08","McCormick","145.91","381"
"Pan Frances 500g","75015265799","Panaderia","2026-07-26","Maggi","122.64","291"
"Crema Corporal 500ml","75093324432","Higiene","2027-11-17","Colgate","60.54","454"
"Cebada 600ml","75018490481","Granos","2026-05-15","Kern","110.13","166"
"Papaya 3u","75055583882","Frutas","2027-10-22","Unilever","21.45","295"
"Queso Fresco 12u","75096761538","Lacteos","2027-04-28","Ducal","110.18","100"
"Naranja 200g","75075484784","Frutas","2027-11-03","Unilever","27.26","280"
"Croissant 1kg","75024015879","Panaderia","2027-03-10","Knorr","83.14","79"
"Aceite Girasol 6u","75098332641","Aceites","2026-10-27","Colgate","133.35","470"
"Pasta Dental 100g","75054142827","Higiene","2027-01-05","Coca Cola","98.34","268"
"Arroz Integral 350ml #824","75026323108","Granos","2027-06-01","Coca Cola","93.22","161"
"Cafe Frio 1u","75032819087","Bebidas","2026-06-22","Parma","50.0","118"
"Doritos 600ml","75099370345","Snacks","2026-11-06","Kelloggs","37.54","373"
"Chile Jalapeno 250g","75055107074","Verduras","2027-02-07","Del Monte","128.94","11"
"Cafe Frio 12u #488","75061921913","Bebidas","2026-09-14","Nestle","75.15","341"
"Pepino 1L","75053729150","Verduras","2027-04-26","Colgate","12.47","484"
"Gomitas","75085190850","Snacks","2027-10-03","Knorr","3.41","461"
"Te Helado 1kg","75047663971","Bebidas","2027-10-27","Knorr","80.76","101"
"Leche Descremada 250ml","75064456693","Lacteos","2027-08-10","McCormick","13.83","170"
"Papa 600ml #1003","75074312861","Verduras","2026-05-27","Pilsener","66.64","35"
"Fresa 200ml","75089229121","Frutas","2027-07-27","Maggi","64.78","434"
"Te Helado 200g","75025793003","Bebidas","2027-03-18","Procter","28.97","258"
"Papa 6u","75044662741","Verduras","2026-10-06","Procter","57.0","68"
"Jugo Naranja 500g #864","75086685509","Bebidas","2026-02-23","Procter","128.16","37"
"Leche Entera 6u","75017696376","Lacteos","2026-06-09","Kern","71.35","413"
"Sandia 100g","75029678425","Frutas","2026-10-11","Pilsener","46.99","297"
"Jugo Manzana 1L","75027179412","Bebidas","2026-10-12","Colgate","22.84","330"
"Jabon Platos 600ml #685","75060325672","Limpieza","2027-03-24","Unilever","124.29","49"
"Aceite Maiz 100g","75020487212","Aceites","2026-07-26","Ducal","68.67","268"
"Queso Mozzarella 6u","75050053508","Lacteos","2027-01-20","Kern","42.51","221"
"Papa 200ml","75088308907","Verduras","2026-09-15","Coca Cola","32.01","199"
"Cepillo Dental 350ml","75060548109","Higiene","2027-09-02","Procter","139.55","298"
"Limonada 1L","75092181884","Bebidas","2027-08-01","Ducal","71.43","299"
"Jabon Bano 100g #762","75069020028","Higiene","2027-04-18","Kern","9.9","292"
"Jugo Manzana 750ml #868","75093252519","Bebidas","2027-12-16","Knorr","80.77","290"
"Limonada 1u","75035888624","Bebidas","2026-07-15","Ducal","147.67","496"
"Aceite Canola 250ml","75032282931","Aceites","2027-08-06","Knorr","85.76","448"
"Yogurt Fresa 12u","75043674194","Lacteos","2027-09-04","Bayer","99.73","146"
"Zanahoria 600ml","75020270776","Verduras","2027-10-18","Bayer","132.77","186"
"Acondicionador 750ml","75074182219","Higiene","2027-09-08","Del Monte","107.51","25"
"Banana 200ml","75054136214","Frutas","2027-11-25","McCormick","128.96","269"
"Cebolla 1L","75073084687","Verduras","2026-05-17","Ducal","124.71","440"
"Escoba 2kg","75024737896","Limpieza","2027-04-06","Del Monte","60.56","140"
"Jugo Naranja 600ml","75059916954","Bebidas","2027-09-18","Colgate","49.38","439"
"Jamon Pavo #557","75073024298","Carnes","2027-09-13","Ducal","114.87","62"
"Desinfectante 750ml","75032529192","Limpieza","2026-12-16","Quaker","9.68","181"
"Aceite Canola 100g #1037","75022052242","Aceites","2026-11-05","McCormick","26.14","45"
"Chocolates 2kg","75055569300","Snacks","2027-05-11","Pilsener","66.71","334"
"Bistec Res 350ml","75084848838","Carnes","2026-01-20","Coca Cola","90.0","219"
"Baguette 6u","75050673525","Panaderia","2027-11-11","Lipton","103.23","33"
"Yogurt Fresa 1L","75039358189","Lacteos","2026-05-03","Del Monte","145.57","428"
"Te Helado 500ml","75094862181","Bebidas","2027-12-02","Ducal","11.83","291"
"Crema Corporal 3u","75051448096","Higiene","2026-11-04","Coca Cola","56.87","26"
"Lenteja Roja 100g","75098563139","Granos","2027-05-28","Kelloggs","9.24","267"
"Pan Centeno 100g","75080416957","Panaderia","2027-03-13","Unilever","21.88","308"
"Manteca Vegetal 3u","75023639881","Aceites","2027-12-18","Coca Cola","100.98","266"
"Cebolla 200ml","75015603443","Verduras","2026-09-05","Quaker","95.99","7"
"Queso Cheddar 500ml","75088795546","Lacteos","2026-10-01","Del Monte","13.45","88"
"Tortilla Harina 12u","75019957210","Panaderia","2027-09-15","Colgate","127.81","112"
"Avena 500ml","75043387262","Granos","2027-05-13","McCormick","37.85","57"
"Costilla Cerdo 1L #939","75041795893","Carnes","2026-10-05","Gallo","8.7","381"
"Agua Pura 2kg","75087961948","Bebidas","2027-09-05","Maggi","19.64","168"
"Frijol Rojo 6u #831","75076813085","Granos","2026-05-09","Ducal","82.9","252"
"Cepillo Dental 1L","75016380612","Higiene","2026-05-05","Maggi","48.82","37"
"Cheetos 500ml","75039695590","Snacks","2026-09-15","Bimbo","139.78","282"
"Jabon Bano 250g","75042865716","Higiene","2027-04-11","Quaker","28.42","189"
"Aceite Maiz 1u","75074180892","Aceites","2027-10-03","Procter","103.5","214"
"Papa","75081134009","Verduras","2026-10-09","Parma","76.79","484"
"Papel Higienico #775","75051526458","Higiene","2027-10-09","Nestle","131.27","295"
"Pan Centeno 200ml","75033898657","Panaderia","2026-10-28","Procter","5.38","388"
"Bistec Res 500ml","75030438480","Carnes","2027-01-13","Del Monte","23.08","43"
"Desinfectante 3u","75016980833","Limpieza","2027-08-19","Bayer","76.34","327"
"Queso Cheddar 3u #402","75041959301","Lacteos","2026-04-27","Ducal","23.53","160"
"Queso Fresco 200ml","75052740612","Lacteos","2026-04-12","Bayer","60.01","458"
"Gatorade 600ml","75068290294","Bebidas","2026-10-26","Quaker","39.07","102"
"Leche Chocolate 1kg #817","75069285481","Lacteos","2026-11-27","La Costena","106.42","193"
"Tocino 1L","75070227648","Carnes","2027-09-22","Lipton","140.59","174"
"Gatorade 750ml","75053861802","Bebidas","2027-02-05","Quaker","39.87","254"
"Maiz Pozolero 6u","75043947143","Granos","2027-04-24","Knorr","68.09","188"
"Queso Fresco 500g","75029809923","Lacteos","2026-04-04","Colgate","134.97","223"
"Aceite Girasol","75084565386","Aceites","2026-03-25","Colgate","149.14","221"
"Arroz Integral 12u","75014442225","Granos","2026-05-15","Quaker","49.7","387"
"Jugo Manzana","75031476282","Bebidas","2026-01-07","Procter","106.33","400"
"Desodorante 2kg","75095366307","Higiene","2026-11-27","La Costena","13.56","351"
"Aceite Vegetal 500ml #642","75012919201","Aceites","2027-08-17","Colgate","81.2","404"
"Brocoli 500g","75082617018","Verduras","2027-03-28","Maggi","2.97","188"
"Muslo Pollo 250g","75019222760","Carnes","2026-08-18","Maggi","53.68","140"
"Aceite Soya #665","75034744679","Aceites","2026-01-16","Gallo","147.47","498"
"Pan Centeno 100g #526","75040118788","Panaderia","2026-05-16","Kern","31.33","250"
"Cebada 200ml #852","75060128581","Granos","2027-03-13","Bimbo","92.72","488"
"Coca Cola 200ml","75044658082","Bebidas","2026-08-21","Bayer","19.52","40"
"Jugo Naranja 2kg #469","75071616284","Bebidas","2026-02-24","Del Monte","57.52","5"
"Esponja 12u","75065987163","Limpieza","2026-06-27","Ducal","122.67","10"
"Quinoa 3u #844","75074775971","Granos","2027-05-10","Unilever","142.72","355"
"Aceite Coco 500g","75061875327","Aceites","2027-09-18","Unilever","128.05","90"
"Suavizante 1u","75011256289","Limpieza","2027-09-01","Parma","118.35","494"
"Trapeador 250ml","75062217128","Limpieza","2027-08-27","Lipton","80.81","229"
"Jugo Manzana 250g","75075142024","Bebidas","2027-08-22","Bayer","56.02","165"
"Espinaca 6u","75076977928","Verduras","2026-10-04","Pilsener","47.76","345"
"Jabon Bano 12u","75058576739","Higiene","2027-01-16","McCormick","11.59","140"
"Chorizo 12u","75013702089","Carnes","2027-03-01","Quaker","38.97","96"
"Suavizante 12u","75070731307","Limpieza","2026-12-23","Pilsener","68.44","314"
"Tocino 3u","75071176400","Carnes","2026-08-23","Lipton","84.52","375"
"Papaya 1u","75077678386","Frutas","2026-05-26","Gallo","77.91","331"
"Queso Cheddar 350ml","75050225333","Lacteos","2026-09-14","Lipton","26.96","31"
"Tortilla Maiz 12u","75041957383","Panaderia","2026-04-04","Nestle","46.06","107"
"Limpia Vidrios 350ml","75086449911","Limpieza","2027-02-28","Pilsener","120.03","176"
"Pepsi 3u","75056817531","Bebidas","2026-02-06","Nestle","141.28","140"
"Pan Blanco","75073722914","Panaderia","2027-07-21","Unilever","113.41","88"
"Doritos 12u","75019391454","Snacks","2027-03-11","Kern","15.53","226"
"Manzana Roja 200g","75049396711","Frutas","2027-04-27","Procter","10.08","49"
"Cafe Frio 12u","75071780179","Bebidas","2026-06-25","Colgate","120.98","191"
"Kombucha 200g #885","75017324397","Bebidas","2026-06-06","Quaker","85.28","105"
"Chocolates 250ml","75088879945","Snacks","2027-07-04","Kelloggs","48.25","257"
"Chile Jalapeno","75033116137","Verduras","2026-11-24","Maggi","25.56","187"
"Aguacate 500g #1020","75051764069","Verduras","2026-08-18","Lipton","116.75","117"
"Maiz Pozolero 3u","75076287016","Granos","2027-09-17","Gallo","112.31","363"
"Brocoli 350ml","75070264592","Verduras","2026-10-15","Bayer","130.2","82"
"Crema Corporal 1u","75029147825","Higiene","2027-11-23","Procter","28.06","472"
"Aceite Coco 200g #1033","75044310801","Aceites","2026-08-20","Coca Cola","116.12","174"
"Pechuga Pollo 1kg #926","75078810150","Carnes","2026-10-19","Quaker","117.33","316"
"Desodorante 350ml","75069375080","Higiene","2027-08-08","Gallo","5.75","159"
"Carne Molida 1kg","75087238867","Carnes","2026-01-18","Parma","53.25","128"
"Pepino 2kg","75045173784","Verduras","2027-12-25","Bimbo","85.6","41"
"Gomitas 350ml","75037957287","Snacks","2026-08-22","La Costena","115.53","455"
"Tortilla Harina 1kg","75034578968","Panaderia","2027-01-11","Knorr","39.47","451"
"Pechuga Pollo 250ml","75033714613","Carnes","2026-06-10","Nestle","88.77","188"
"Espinaca","75057326702","Verduras","2027-09-25","Unilever","32.75","290"
"Jabon Bano 500ml","75045396288","Higiene","2027-10-18","Nestle","111.48","214"
"Arroz Integral 250ml","75052555785","Granos","2026-07-27","Pilsener","17.91","10"
"Crema Agria 250g #807","75019901512","Lacteos","2026-12-04","Ducal","94.64","187"
"Tocino 350ml #562","75027250114","Carnes","2027-09-14","Procter","65.41","212"
"Costilla Cerdo","75088308806","Carnes","2027-03-08","Bimbo","116.86","288"
"Aceite Aguacate 1L","75080770243","Aceites","2027-06-24","McCormick","9.88","34"
"Espinaca 1kg","75092702896","Verduras","2027-11-09","Coca Cola","41.83","449"
"Te Helado 1L","75025516731","Bebidas","2027-08-07","Quaker","2.51","423"
"Tortilla Maiz 100g","75064535139","Panaderia","2026-11-03","La Costena","52.61","222"
"Costilla Cerdo 2kg","75097995447","Carnes","2027-11-10","Gallo","28.54","300"
"Gatorade 600ml #486","75076793101","Bebidas","2026-05-11","Bayer","126.64","431"
"Arroz Integral 250g","75090614137","Granos","2026-03-27","Ducal","44.69","395"
"Galleta Maria 750ml","75041613051","Panaderia","2026-12-26","Ducal","34.67","12"
"Baguette","75064829306","Panaderia","2027-01-24","Nestle","82.79","422"
"Jugo Naranja 1L","75026553208","Bebidas","2027-12-16","Quaker","49.81","304"
"Costilla Cerdo 500g","75036793973","Carnes","2026-07-11","Procter","137.7","137"
"Bistec Res 100g","75017858066","Carnes","2026-05-18","Nestle","30.05","356"
"Baguette 12u #923","75085493514","Panaderia","2026-11-07","Coca Cola","78.2","75"
"Cheetos 3u","75069576665","Snacks","2026-01-13","Colgate","53.73","154"
"Baguette 500ml #919","75089913397","Panaderia","2027-08-05","Bimbo","132.24","33"
"Queso Cheddar #404","75072046844","Lacteos","2026-04-05","La Costena","141.22","486"
"Pan Blanco 3u","75042637734","Panaderia","2026-12-08","Nestle","117.43","203"
"Pepsi 6u","75046125168","Bebidas","2026-02-07","Lipton","101.17","54"
"Aceite Coco 1kg","75096189689","Aceites","2027-07-18","Kern","106.89","329"
"Pan Blanco 1L","75037295414","Panaderia","2026-01-01","Del Monte","11.85","378"
"Esponja 3u","75047960201","Limpieza","2026-01-18","Lipton","17.84","53"
"Pan Frances 500ml","75067058049","Panaderia","2026-08-06","Colgate","29.82","421"
"Pan Integral 200ml #889","75056404322","Panaderia","2027-05-16","Quaker","99.98","63"
"Queso Fresco 200g","75084458348","Lacteos","2027-08-17","Nestle","106.8","409"
"Palomitas 1L","75076443470","Snacks","2027-11-21","Unilever","21.98","263"
"Papel Higienico 1L","75023727158","Higiene","2026-06-09","Kelloggs","53.26","15"
"Pan Dulce 250g","75016871740","Panaderia","2027-06-12","Knorr","85.89","353"
"Brocoli 200g","75013192520","Verduras","2027-09-18","Procter","119.55","286"
"Aceite Aguacate 12u","75019975540","Aceites","2027-12-07","Bayer","65.71","219"
"Carne Molida 100g","75070345700","Carnes","2026-04-16","Knorr","136.17","44"
"Manteca Vegetal 6u","75072013148","Aceites","2027-07-09","Lipton","78.64","235"
"Shampoo 6u","75040717219","Higiene","2027-04-27","Del Monte","19.85","71"
"Bistec Res 250g","75041283007","Carnes","2027-05-22","Kelloggs","122.46","34"
"Croissant 250g","75095457953","Panaderia","2027-10-01","Bimbo","7.13","453"
"Pechuga Pollo 500ml","75056793145","Carnes","2027-04-20","Lipton","38.16","334"
"Agua Pura 600ml","75090501372","Bebidas","2027-02-13","Bimbo","87.46","341"
"Esponja 1kg","75048322452","Limpieza","2026-12-20","La Costena","142.55","118"
"Zanahoria 6u","75013398580","Verduras","2026-01-27","Nestle","93.43","426"
"Chocolates 100g","75089405071","Snacks","2026-06-19","Maggi","139.0","345"
"Tortilla Harina 12u #511","75014276313","Panaderia","2027-01-27","Unilever","25.46","174"
"Chocolates 6u","75098404510","Snacks","2027-07-06","Lipton","143.65","42"
"Shampoo 350ml","75026943031","Higiene","2026-03-12","Parma","68.5","107"
"Aceite Maiz 250ml","75030704084","Aceites","2027-12-01","Parma","102.05","314"
"Jugo Naranja 1u","75045792142","Bebidas","2026-04-07","Colgate","30.89","299"
"Leche Entera 500g","75038107684","Lacteos","2027-08-23","Colgate","13.86","406"
"Jamon Pavo 1kg #559","75054090361","Carnes","2027-03-04","Del Monte","85.8","79"
"Queso Cheddar 12u","75021016620","Lacteos","2026-10-02","Gallo","13.87","57"
"Pepino 200ml #1016","75082850961","Verduras","2027-05-15","Colgate","106.82","279"
"Pan Integral 200ml","75088906557","Panaderia","2027-09-07","La Costena","148.54","237"
"Cafe Frio 750ml","75093240527","Bebidas","2026-05-13","Bayer","60.25","286"
"Melon 2kg","75063632138","Frutas","2027-02-16","Parma","45.82","442"
"Arroz Blanco 600ml","75013451736","Granos","2027-04-05","Maggi","74.37","217"
"Brocoli 6u","75035780229","Verduras","2027-01-28","Kelloggs","109.85","45"
"Jabon Bano 1u","75090090127","Higiene","2027-02-16","Lipton","31.26","216"
"Arroz Blanco 350ml","75036286517","Granos","2026-08-26","Lipton","62.46","397"
"Detergente Ropa 200g","75099751616","Limpieza","2027-02-17","Kelloggs","82.14","365"
"Uva Verde 3u #584","75069522299","Frutas","2027-09-18","Bimbo","84.06","332"
"Sandia 2kg","75056336167","Frutas","2027-04-08","Bayer","118.14","54"
"Papas Fritas 12u","75055036706","Snacks","2027-10-03","Lipton","66.93","462"
"Galletas Oreo 500g","75062969120","Snacks","2026-06-14","Kelloggs","29.49","345"
"Acondicionador 500ml","75050876744","Higiene","2026-06-21","McCormick","7.86","29"
"Croissant 2kg","75087137602","Panaderia","2026-09-18","Bayer","55.89","322"
"Pan Blanco 500g","75091358422","Panaderia","2027-04-10","Gallo","22.95","491"
"Lenteja Roja 350ml","75039094173","Granos","2026-01-09","Bimbo","38.0","144"
"Chile Jalapeno 1kg","75078941809","Verduras","2026-10-20","McCormick","59.87","498"
"Lechuga 250ml","75027937938","Verduras","2026-08-02","Kern","124.6","86"
"Baguette 2kg","75099182247","Panaderia","2026-01-14","Procter","76.01","29"
"Carne Molida 750ml","75019665475","Carnes","2026-03-08","Kelloggs","135.01","38"
"Aceite Coco 750ml","75073069676","Aceites","2026-04-07","Coca Cola","73.33","278"
"Pan Frances 1L","75094171967","Panaderia","2026-03-10","Colgate","102.75","480"
"Mantequilla 6u","75040643649","Lacteos","2027-04-24","Knorr","36.78","181"
"Galleta Maria 1kg #914","75039931536","Panaderia","2027-04-01","Unilever","38.08","439"
"Papaya 750ml","75046359791","Frutas","2027-02-26","Kelloggs","148.35","312"
"Baguette 500g #922","75078809414","Panaderia","2027-11-14","Pilsener","80.74","49"
"Jugo Naranja 12u","75039307600","Bebidas","2026-07-03","Knorr","5.41","429"
"Arroz Blanco 250g","75088780458","Granos","2026-05-22","Nestle","3.2","158"
"Pan Integral 500ml","75062294369","Panaderia","2026-07-12","Del Monte","101.42","418"
"Mantequilla 500g","75070478485","Lacteos","2027-03-14","Colgate","77.17","51"
"Aceite Maiz 12u #1044","75047424965","Aceites","2027-09-25","Ducal","75.16","382"
"Espinaca 500g","75063421020","Verduras","2027-05-28","Parma","57.36","298"
"Leche Chocolate 350ml","75058097903","Lacteos","2027-04-13","McCormick","88.22","430"
"Papa 1u","75081205030","Verduras","2027-02-21","Knorr","95.58","254"
"Cebolla 250ml #999","75078493624","Verduras","2027-10-04","Colgate","38.39","185"
"Lechuga 12u #623","75059277549","Verduras","2026-12-23","Coca Cola","66.11","454"
"Esponja 1u","75081861706","Limpieza","2026-11-20","Kern","61.02","237"
"Pretzels 200g","75061274601","Snacks","2027-09-21","Pilsener","116.31","311"
"Espinaca 200g","75043210712","Verduras","2027-04-27","Gallo","101.5","181"
"Limonada 3u","75022151635","Bebidas","2026-04-11","Parma","87.74","450"
"Tortilla Maiz 750ml","75037041451","Panaderia","2026-07-26","Nestle","65.49","424"
"Trapeador 500ml","75012575600","Limpieza","2026-11-04","Maggi","136.55","353"
"Galletas Oreo 1kg","75033099992","Snacks","2027-08-23","Procter","76.99","393"
"Limonada 12u","75088904062","Bebidas","2026-04-07","Procter","104.99","338"
"Chile Jalapeno 3u","75066769606","Verduras","2026-03-15","Colgate","53.76","273"
"Tomate 100g","75031117707","Verduras","2026-06-25","Coca Cola","38.23","372"
"Enjuague Bucal 100g","75043848376","Higiene","2026-02-13","Colgate","32.19","462"
"Leche Descremada 500ml","75059335283","Lacteos","2026-03-14","Nestle","64.41","439"
"Jamon Pavo 6u","75078929121","Carnes","2027-12-24","La Costena","38.79","444"
"Pina 100g","75076451527","Frutas","2027-04-03","Kelloggs","108.0","256"
"Brocoli 600ml","75092023331","Verduras","2027-04-16","La Costena","79.45","258"
"Pan Frances #505","75017928264","Panaderia","2027-01-04","Coca Cola","34.53","202"
"Papaya 1kg","75075302740","Frutas","2026-09-12","Coca Cola","67.6","212"
"Chocolates 600ml","75015518200","Snacks","2026-11-24","Nestle","4.17","19"
"Cacahuates 1u","75059823605","Snacks","2027-11-05","Del Monte","55.34","105"
"Frijol Rojo 1kg","75016939000","Granos","2027-01-08","Gallo","109.58","428"
"Pepino 750ml","75098952173","Verduras","2026-02-04","Kern","118.35","431"
"Fresa 12u","75091783137","Frutas","2026-02-24","Knorr","7.12","163"
"Agua Pura 12u","75067374231","Bebidas","2026-08-19","Coca Cola","79.9","109"
"Aceite Vegetal 3u","75096340450","Aceites","2027-04-13","Gallo","3.91","276"
"Limonada 6u #876","75059620544","Bebidas","2027-11-24","Pilsener","26.39","128"
"Pepsi","75073464921","Bebidas","2027-04-19","Bayer","127.01","76"
"Jugo Manzana 100g","75030890699","Bebidas","2027-08-12","Nestle","52.84","463"
"Pan Dulce 500g","75081444295","Panaderia","2027-04-24","McCormick","121.22","475"
"Queso Cheddar 2kg","75068957400","Lacteos","2026-02-12","Pilsener","68.47","46"
"Aceite Vegetal","75068732070","Aceites","2026-08-23","Ducal","72.95","370"
"Queso Mozzarella 200ml","75047210677","Lacteos","2026-07-16","Kern","48.22","334"
"Aceite Girasol 500g","75090576696","Aceites","2026-06-20","La Costena","134.44","492"
"Crema Agria 3u","75094419981","Lacteos","2027-12-07","Quaker","122.32","66"
"Cacahuates 3u","75094669212","Snacks","2026-11-10","Nestle","82.97","76"
"Pretzels 1L","75080991898","Snacks","2027-09-22","Knorr","137.19","163"
"Costilla Cerdo 250g","75073466204","Carnes","2027-08-01","Lipton","75.18","344"
"Brocoli 100g","75011772444","Verduras","2027-11-18","Nestle","123.49","442"
"Tocino 350ml","75056522508","Carnes","2026-04-26","Coca Cola","81.41","399"
"Pechuga Pollo 200ml","75030214606","Carnes","2026-08-05","Knorr","148.64","139"
"Jugo Naranja 350ml","75088485940","Bebidas","2026-06-02","Lipton","78.87","360"
"Escoba 500ml","75022276090","Limpieza","2027-01-06","Del Monte","54.11","351"
"Gomitas 500ml","75019752961","Snacks","2026-07-01","McCormick","49.57","460"
"Bolsa Basura 1kg","75091321166","Limpieza","2026-04-07","La Costena","144.8","167"
"Aceite Maiz 200g","75069349665","Aceites","2027-11-10","Nestle","123.98","292"
"Jamon Pavo 2kg","75037663770","Carnes","2027-02-28","Knorr","145.46","121"
"Esponja 1L","75077082565","Limpieza","2026-04-07","Pilsener","26.1","218"
"Aceite Girasol 500ml","75088398857","Aceites","2026-10-25","Unilever","96.39","240"
"Queso Mozzarella","75075382364","Lacteos","2026-09-06","Del Monte","129.59","92"
"Galletas Oreo 500ml","75084433234","Snacks","2027-09-27","Procter","83.59","87"
"Cheetos 2kg","75052620123","Snacks","2026-01-08","Del Monte","23.0","34"
"Costilla Cerdo 1L","75079255894","Carnes","2027-05-05","Quaker","118.29","360"
"Cebolla 250ml #612","75034516662","Verduras","2027-11-12","Procter","101.85","157"
"Pepsi 2kg","75087789976","Bebidas","2027-02-04","Maggi","96.38","218"
"Tortilla Harina 250g #510","75061507472","Panaderia","2027-08-18","Bayer","116.37","80"
"Melon 250g","75055773012","Frutas","2027-04-20","Coca Cola","75.81","43"
"Aceite Sesamo 200g","75096500644","Aceites","2027-03-24","Pilsener","149.79","138"
"Pan Integral 750ml","75090627379","Panaderia","2027-11-25","Del Monte","129.43","8"
"Garbanzo 3u","75028168608","Granos","2027-06-12","Nestle","57.52","91"
"Uva Verde 750ml #966","75095251129","Frutas","2026-08-24","Nestle","82.45","258"
"Jamon Pavo 12u","75023577607","Carnes","2026-02-13","Colgate","62.05","370"
"Cebolla 600ml","75014087949","Verduras","2027-02-20","Coca Cola","68.66","466"
"Leche Descremada 2kg","75052715478","Lacteos","2027-10-12","Lipton","82.08","157"
"Toallas Humedas 500ml","75040226553","Higiene","2027-01-17","Bimbo","58.67","197"
"Pepino 1kg","75061159917","Verduras","2027-12-02","Nestle","59.81","425"
"Tomate 1kg","75071462420","Verduras","2026-05-15","Quaker","118.94","137"
"Cebada 500g","75096913532","Granos","2026-08-02","Gallo","119.06","352"
"Melon 600ml","75076316619","Frutas","2026-04-01","Lipton","70.82","299"
"Longaniza 1kg","75019086084","Carnes","2027-02-02","McCormick","29.84","241"
"Enjuague Bucal 250g","75079793946","Higiene","2026-09-05","Colgate","87.57","373"
"Frijol Negro 1kg","75042186748","Granos","2026-11-28","Del Monte","117.21","94"
"Aceite Soya 500ml","75034295314","Aceites","2026-01-05","Bayer","117.48","196"
"Carne Molida 100g #543","75029089357","Carnes","2027-04-11","Coca Cola","104.72","312"
"Cebada 1L","75091828082","Granos","2027-05-05","Gallo","23.08","161"
"Arroz Blanco 200g","75043707835","Granos","2026-12-12","Pilsener","3.22","297"
"Uva Verde 500g #587","75018022329","Frutas","2026-04-20","La Costena","45.41","264"
"Pan Centeno 350ml","75011066085","Panaderia","2026-02-18","Gallo","83.44","130"
"Brocoli 500ml","75087031543","Verduras","2026-04-02","Maggi","119.86","84"
"Pan Integral 1u","75010529772","Panaderia","2027-07-25","Quaker","123.62","55"
"Cacahuates 12u","75013622012","Snacks","2027-11-01","Unilever","105.74","308"
"Desodorante 1L","75014648468","Higiene","2027-01-17","Quaker","51.14","128"
"Salchicha 500ml #949","75075077280","Carnes","2027-12-18","Maggi","17.11","473"
"Queso Cheddar 500ml #403","75081580479","Lacteos","2026-03-26","Ducal","34.62","31"
"Chorizo 3u #941","75013999183","Carnes","2027-11-28","Quaker","90.0","27"
"Leche Entera 250ml","75095669844","Lacteos","2026-03-05","Coca Cola","132.54","320"
"Jugo Manzana 200g","75016434028","Bebidas","2027-10-10","Maggi","58.23","391"
"Aceite Aguacate 250g","75045049004","Aceites","2027-02-07","Procter","114.96","171"
"Aceite Aguacate 12u #1049","75065155010","Aceites","2027-08-24","Knorr","117.41","223"
"Cafe Frio 1kg","75046831858","Bebidas","2027-02-14","Kern","31.59","436"
"Pasta Dental 500ml","75096031803","Higiene","2026-11-03","Maggi","119.6","158"
"Suavizante 350ml","75062165529","Limpieza","2027-10-07","Maggi","49.44","364"
"Frijol Rojo 500ml #832","75027506248","Granos","2027-05-27","Bimbo","31.16","86"
"Aguacate 600ml","75040859243","Verduras","2027-09-14","Ducal","47.42","225"
"Sandia 200g","75087493490","Frutas","2026-03-27","Pilsener","106.03","396"
"Cloro #688","75068406480","Limpieza","2027-11-16","Kelloggs","125.81","186"
"Crema Corporal 1kg","75087739426","Higiene","2027-02-13","Lipton","149.4","91"
"Kombucha 350ml","75044447182","Bebidas","2026-01-17","Unilever","65.94","400"
"Jugo Naranja 750ml","75094099681","Bebidas","2026-08-13","Nestle","66.53","58"
"Yogurt Natural 6u","75043889222","Lacteos","2027-10-07","La Costena","43.45","193"
"Uva Verde 600ml","75095344684","Frutas","2026-05-21","Kern","78.98","364"
"Palomitas 750ml","75056611466","Snacks","2027-03-28","Nestle","137.5","397"
"Cebolla 500g","75010833193","Verduras","2026-06-12","McCormick","79.33","33"
"Aguacate 250ml","75046298545","Verduras","2027-12-26","Quaker","16.49","30"
"Coca Cola 350ml","75023684863","Bebidas","2026-10-11","Lipton","96.98","347"
"Quinoa 1u","75019420367","Granos","2027-10-02","McCormick","115.21","467"
"Manteca Vegetal 250ml","75023551020","Aceites","2026-01-12","Bimbo","141.16","171"
"Gatorade 750ml #880","75012125391","Bebidas","2027-01-25","Procter","64.74","269"
"Fresa 12u #970","75055880741","Frutas","2027-12-23","Del Monte","91.74","91"
"Aceite Girasol 3u","75072038325","Aceites","2026-09-16","Coca Cola","135.71","214"
"Pina 2kg","75097057707","Frutas","2026-07-20","Del Monte","38.25","497"
"Carne Molida 200ml","75042006575","Carnes","2026-04-25","Del Monte","28.94","14"
"Jamon Pavo 1kg #943","75059020861","Carnes","2026-12-03","Coca Cola","92.16","288"
"Toallas Humedas 6u","75025598601","Higiene","2027-07-18","Gallo","32.74","34"
"Pan Dulce 500ml","75046893348","Panaderia","2027-05-15","Nestle","67.44","282"
"Pan Integral 200g","75059515646","Panaderia","2026-08-25","Lipton","120.24","89"
"Pasta Dental 250g","75085807532","Higiene","2027-06-19","Parma","123.64","327"
"Tomate 250g","75060443315","Verduras","2027-06-05","Ducal","109.73","224"
"Aceite Vegetal 500ml","75099797607","Aceites","2027-09-21","Kern","76.63","120"
"Tortilla Maiz 500ml","75060815302","Panaderia","2027-10-24","Coca Cola","13.21","173"
"Lechuga 350ml","75072604020","Verduras","2026-07-04","McCormick","102.08","241"
"Mango 500g","75088455284","Frutas","2027-02-25","Kern","48.98","239"
"Fresa 500g","75032891162","Frutas","2026-06-26","Unilever","61.76","216"
"Garbanzo 100g","75086509242","Granos","2027-03-11","Bayer","43.41","13"
"Doritos 750ml","75032173052","Snacks","2027-09-11","Bimbo","119.35","200"
"Leche Entera 100g","75031953289","Lacteos","2027-10-28","Gallo","17.49","123"
"Galletas Oreo 200ml","75058925102","Snacks","2026-12-05","Del Monte","52.23","378"
"Leche Chocolate 6u #818","75095161855","Lacteos","2027-07-03","Procter","124.57","86"
"Kombucha 6u","75012918390","Bebidas","2026-02-19","Ducal","34.94","70"
"Salchicha 1u","75027816825","Carnes","2027-03-16","Kern","12.76","190"
"Leche Chocolate 6u","75019567442","Lacteos","2026-03-03","Coca Cola","131.56","386"
"Maiz Pozolero 500ml","75018440406","Granos","2027-04-11","Maggi","49.07","431"
"Tortilla Maiz 1u","75016067239","Panaderia","2027-09-08","Parma","142.84","164"
"Naranja 250ml","75076801287","Frutas","2027-01-10","Pilsener","38.77","426"
"Tortilla Harina 250ml","75079436393","Panaderia","2027-03-25","Ducal","11.39","194"
"Sandia 1u","75060741194","Frutas","2027-04-09","Kelloggs","51.97","186"
"Enjuague Bucal 250ml","75069824694","Higiene","2027-05-06","Ducal","79.48","328"
"Mango 6u","75080221044","Frutas","2027-11-21","McCormick","95.96","208"
"Bistec Res 2kg","75074932527","Carnes","2027-09-02","Ducal","94.59","49"
"Aceite Canola 250ml #652","75048535546","Aceites","2026-08-21","La Costena","15.99","33"
"Cafe Frio 2kg","75087837183","Bebidas","2027-07-21","Unilever","54.4","383"
"Salchicha 100g","75048583665","Carnes","2026-11-06","Quaker","92.08","390"
"Aceite Girasol 500g #657","75012660226","Aceites","2026-02-01","Gallo","49.8","383"
"Detergente Ropa 250ml","75021124853","Limpieza","2026-10-23","Maggi","49.37","460"
"Aceite Vegetal 1u","75022720701","Aceites","2026-03-22","Unilever","148.93","216"
"Papaya 3u #594","75035433379","Frutas","2027-05-06","Colgate","11.24","283"
"Escoba","75013432017","Limpieza","2027-08-07","Colgate","30.84","347"
"Coca Cola 12u #853","75028101802","Bebidas","2027-07-15","Bimbo","140.23","325"
"Naranja 100g","75084082835","Frutas","2027-09-05","McCormick","81.16","49"
"Frijol Rojo 500ml","75027874901","Granos","2027-10-14","Coca Cola","17.99","500"
"Espinaca 100g","75073577599","Verduras","2026-08-04","McCormick","74.02","44"
"Papel Higienico 250g","75019445293","Higiene","2026-07-12","Quaker","4.72","113"
"Cepillo Dental 250ml","75056620711","Higiene","2027-11-01","Gallo","31.37","33"
"Pan Frances 1u #897","75048222841","Panaderia","2027-08-28","Procter","145.67","489"
"Pan Dulce 1u #911","75041048930","Panaderia","2027-09-27","Pilsener","94.52","294"
"Jabon Platos 2kg","75064593614","Limpieza","2026-06-10","Unilever","127.73","311"
"Te Helado","75084710590","Bebidas","2027-02-05","Maggi","15.29","176"
"Maiz Pozolero 500g #848","75051704390","Granos","2026-01-07","Maggi","3.58","471"
"Pepsi 1kg #459","75031355491","Bebidas","2026-05-15","Coca Cola","134.7","162"
"Uva Verde 250g #964","75081026039","Frutas","2027-08-16","Bimbo","130.85","483"
"Jabon Platos 12u","75084731563","Limpieza","2026-03-24","Kern","13.83","457"
"Acondicionador 2kg","75045534966","Higiene","2027-07-13","Colgate","77.23","353"
"Tocino 100g","75056826735","Carnes","2027-02-05","Quaker","43.29","40"
"Cacahuates 1u #741","75059091967","Snacks","2026-11-19","Pilsener","146.06","26"
"Pepsi #858","75017087934","Bebidas","2026-11-12","Quaker","149.06","459"
"Agua Pura 12u #862","75013435191","Bebidas","2027-12-12","Colgate","147.65","274"
"Papas Fritas 6u","75066548650","Snacks","2027-04-13","Pilsener","111.79","47"
"Pan Dulce 100g","75088769257","Panaderia","2027-02-24","Parma","25.04","424"
"Pina 1u #991","75035503865","Frutas","2026-11-16","Del Monte","22.33","448"
"Baguette 500ml #532","75099665507","Panaderia","2027-01-25","Pilsener","140.65","287"
"Lenteja Roja 500ml","75094860787","Granos","2026-12-14","Nestle","111.8","406"
"Toallas Humedas 3u","75018926098","Higiene","2027-06-28","Knorr","97.53","460"
"Aceite Sesamo 1kg","75011331568","Aceites","2027-08-01","La Costena","119.34","345"
"Arroz Blanco","75055765577","Granos","2026-10-03","Bayer","5.16","267"
"Pan Centeno 2kg","75083525718","Panaderia","2027-10-21","Parma","48.0","297"
"Melon 500ml #600","75095183552","Frutas","2026-03-20","Maggi","93.74","156"
"Galleta Maria 350ml","75025171339","Panaderia","2026-10-22","Del Monte","26.57","423"
"Melon","75099467714","Frutas","2027-03-03","Coca Cola","93.06","408"
"Galleta Maria 2kg","75019816156","Panaderia","2027-11-24","Del Monte","110.39","43"
"Yogurt Natural 1L","75025333250","Lacteos","2027-07-10","Unilever","137.38","258"
"Jugo Naranja 2kg","75099151650","Bebidas","2026-06-17","Ducal","17.61","309"
"Aceite Soya 600ml","75045356723","Aceites","2026-07-25","Procter","53.81","234"
"Baguette 600ml","75032916093","Panaderia","2027-08-19","Knorr","82.7","386"
"Leche Chocolate 1kg","75045232086","Lacteos","2027-06-17","Bayer","26.05","103"
"Espinaca 350ml","75091897945","Verduras","2026-10-16","Colgate","55.07","341"
"Gatorade 500g","75059755556","Bebidas","2026-09-17","McCormick","46.51","492"
"Espinaca 500ml","75082125084","Verduras","2026-12-27","Parma","113.04","484"
"Tortilla Harina 250g","75024347088","Panaderia","2027-12-24","Bayer","138.59","389"
"Cepillo Dental 1kg","75068666137","Higiene","2026-01-02","Procter","31.15","292"
"Crema Corporal 750ml","75052325381","Higiene","2026-04-19","Lipton","136.55","273"
"Kombucha","75089968954","Bebidas","2026-10-06","Kelloggs","139.16","377"
"Bistec Res 250ml","75097301433","Carnes","2026-05-27","Parma","25.34","422"
"Uva Verde 600ml #963","75054245085","Frutas","2026-07-20","Maggi","133.32","458"
"Tocino 350ml #948","75091663104","Carnes","2026-10-13","Bayer","98.01","32"
"Costilla Cerdo 750ml","75066847297","Carnes","2027-11-17","Quaker","90.86","372"
"Aceite Sesamo 600ml","75047952422","Aceites","2027-12-16","Kelloggs","71.97","109"
"Aceite Canola 200g","75012334637","Aceites","2027-09-25","Knorr","138.05","492"
"Aceite Oliva 12u","75056435023","Aceites","2026-12-07","Gallo","132.61","322"
"Leche Entera 200g","75092005876","Lacteos","2026-06-15","Lipton","89.07","438"
"Fresa 250ml","75098912031","Frutas","2027-09-08","La Costena","29.23","326"
"Longaniza 1u","75018709445","Carnes","2026-12-07","Ducal","2.13","240"
"Muslo Pollo 200g","75073133769","Carnes","2026-04-01","Unilever","142.69","266"
"Uva Verde 500g","75072465370","Frutas","2027-12-13","Ducal","130.19","415"
"Yogurt Natural 200ml","75056127246","Lacteos","2026-07-26","Knorr","72.94","150"
"Aceite Maiz 2kg","75096904417","Aceites","2026-01-21","Kelloggs","137.98","456"
"Cebolla 250ml","75069135246","Verduras","2027-02-20","Bayer","41.65","308"
"Chocolates 250g","75081378023","Snacks","2026-06-20","La Costena","77.1","8"
"Limpia Vidrios 600ml","75070298539","Limpieza","2027-05-27","Coca Cola","122.77","201"
"Queso Mozzarella 500g #816","75025694815","Lacteos","2026-06-01","La Costena","123.1","214"
"Mantequilla 1u","75093256063","Lacteos","2026-11-02","Maggi","22.34","191"
"Lechuga 500ml","75090746648","Verduras","2026-12-26","Knorr","123.85","347"
"Limpia Vidrios 1L","75077918166","Limpieza","2026-08-17","Gallo","49.85","470"
"Queso Mozzarella 2kg","75016246777","Lacteos","2026-05-18","La Costena","103.18","311"
"Quinoa 750ml #843","75032519183","Granos","2027-04-20","Knorr","96.07","10"
"Desinfectante 250ml","75022489323","Limpieza","2027-02-21","Nestle","137.67","91"
"Melon 1u","75035742819","Frutas","2026-01-13","Colgate","76.08","239"
"Arroz Blanco 6u","75010780272","Granos","2027-06-07","Del Monte","39.31","56"
"Pina 1kg","75074865752","Frutas","2027-02-27","Nestle","80.39","368"
"Salchicha 250ml","75060696009","Carnes","2027-01-26","Bayer","66.46","34"
"Aceite Sesamo 12u","75035667242","Aceites","2026-05-25","Del Monte","128.32","274"
"Quinoa 500g","75015342963","Granos","2027-03-13","Procter","102.9","417"
"Jabon Bano 500ml #758","75020959532","Higiene","2027-07-09","Parma","86.25","68"
"Cacahuates 100g","75019456696","Snacks","2027-10-20","La Costena","55.66","77"
"Pepino 750ml #1013","75087608971","Verduras","2027-07-21","Knorr","142.62","452"
"Mango 200ml","75090295932","Frutas","2026-07-18","Del Monte","60.77","339"
"Lenteja Roja 500g","75077053215","Granos","2027-04-19","La Costena","60.15","223"
"Fresa 600ml","75036119977","Frutas","2027-12-27","Knorr","134.46","358"
"Naranja","75075812079","Frutas","2027-09-08","Quaker","77.49","346"
"Galleta Maria 1L","75064825596","Panaderia","2026-01-20","Lipton","72.89","340"
"Chocolates 1L","75051512700","Snacks","2026-11-25","McCormick","47.12","186"
"Mantequilla 250ml","75078731106","Lacteos","2026-11-07","Maggi","78.41","157"
"Aceite Soya 250g","75059435363","Aceites","2027-02-05","Colgate","65.08","452"
"Chorizo 250g","75030805791","Carnes","2026-01-02","Gallo","64.16","13"
"Aceite Maiz 12u","75073259924","Aceites","2027-06-09","Nestle","4.33","279"
"Pina 750ml","75010107798","Frutas","2027-03-25","Colgate","113.56","243"
"Pan Integral 500g","75038999714","Panaderia","2026-11-28","Knorr","75.66","335"
"Pan Centeno 3u","75081273160","Panaderia","2026-03-17","Del Monte","132.42","23"
"Jabon Bano 200ml","75039237573","Higiene","2026-04-08","Nestle","87.49","460"
"Pepsi 1L","75068273025","Bebidas","2026-08-07","Kelloggs","43.82","339"
"Chile Jalapeno 500ml","75045255395","Verduras","2027-12-02","Nestle","98.4","293"
"Papel Higienico 3u","75035388477","Higiene","2026-05-13","Bimbo","50.98","392"
"Cebolla 1u","75020999600","Verduras","2027-09-20","Del Monte","28.07","69"
"Pina 500ml","75013766576","Frutas","2026-12-07","Kern","82.94","111"
"Fresa 1u","75043173862","Frutas","2027-09-24","Maggi","93.13","38"
"Uva Verde 1L","75047454305","Frutas","2026-03-13","Maggi","137.24","143"
"Carne Molida 1u","75064935006","Carnes","2027-11-24","Unilever","27.25","216"
"Cebada 250g","75053203888","Granos","2027-09-24","Lipton","80.99","159"
"Avena 350ml","75070297824","Granos","2027-08-17","Quaker","66.01","339"
"Aceite Maiz 350ml","75097668352","Aceites","2026-11-03","Lipton","22.73","129"
"Aceite Coco 200g","75055230431","Aceites","2027-11-10","Parma","83.69","472"
"Pepsi 500ml #462","75019547892","Bebidas","2026-03-15","Colgate","92.96","311"
"Esponja 500g","75096405522","Limpieza","2027-05-15","Parma","43.32","470"
"Cepillo Dental 500ml","75021483292","Higiene","2027-10-17","Nestle","37.19","149"
"Banana 1kg","75071648783","Frutas","2026-01-07","Ducal","93.94","230"
"Agua Pura 200g","75082275603","Bebidas","2026-06-04","Bayer","90.09","424"
"Pan Frances 600ml","75084449397","Panaderia","2027-12-24","Unilever","119.73","24"
"Queso Cheddar 1kg","75074846176","Lacteos","2026-08-19","Procter","68.45","401"
"Aceite Soya 350ml","75030556922","Aceites","2027-08-15","Colgate","125.45","499"
"Garbanzo 750ml","75063862478","Granos","2027-02-05","Lipton","128.49","396"
"Naranja 1L","75041232702","Frutas","2026-05-04","Quaker","6.95","176"
"Jabon Platos 3u","75061296370","Limpieza","2027-11-05","Colgate","129.81","11"
"Jugo Naranja 3u","75058178017","Bebidas","2027-04-26","Nestle","58.82","374"
"Muslo Pollo 200ml","75014266530","Carnes","2026-12-21","Kelloggs","45.72","161"
"Aceite Canola 500ml","75064811926","Aceites","2026-01-09","Gallo","35.88","211"
"Leche Chocolate 200g","75068698735","Lacteos","2026-04-25","Del Monte","35.08","355"
"Jabon Platos 750ml","75028144308","Limpieza","2026-11-01","La Costena","114.47","138"
"Jamon Pavo 3u","75074458742","Carnes","2027-02-09","Coca Cola","121.97","361"
"Papaya 500ml","75043190706","Frutas","2027-04-07","Pilsener","73.31","334"
"Tomate","75049349873","Verduras","2027-03-19","Knorr","56.03","241"
"Papa 250ml #1001","75098519118","Verduras","2027-06-17","Nestle","8.9","297"
"Fresa 12u #590","75036336117","Frutas","2027-10-02","Bayer","38.94","262"
"Cacahuates 250g","75089826728","Snacks","2027-06-24","Parma","115.18","349"
"Pretzels 1u","75017461758","Snacks","2027-03-24","Unilever","118.81","293"
"Pan Dulce 2kg","75066578209","Panaderia","2026-05-02","Quaker","14.03","361"
"Pan Integral 1L","75027549443","Panaderia","2026-12-04","McCormick","79.0","366"
"Aceite Oliva 100g","75036249369","Aceites","2026-08-21","Pilsener","113.26","336"
"Acondicionador 600ml","75042175982","Higiene","2027-06-16","Quaker","139.58","238"
"Aceite Coco 600ml","75031319582","Aceites","2026-06-10","Quaker","37.74","368"
"Costilla Cerdo 200ml","75029265981","Carnes","2026-07-11","La Costena","120.93","298"
"Limonada 200ml","75092146570","Bebidas","2027-01-20","Bayer","60.27","194"
"Aceite Maiz 750ml","75049833959","Aceites","2026-12-06","Ducal","111.13","179"
"Enjuague Bucal 1kg","75015090542","Higiene","2026-11-12","Bimbo","135.06","248"
"Queso Mozzarella 12u","75080559699","Lacteos","2027-03-02","Bayer","56.98","395"
"Quinoa 200g","75036615231","Granos","2026-08-07","Del Monte","120.54","287"
"Limpia Vidrios 500g","75037696341","Limpieza","2027-10-24","Kelloggs","112.9","15"
"Bolsa Basura 600ml","75082641613","Limpieza","2027-09-28","Del Monte","56.72","332"
"Manteca Vegetal 500g","75057461179","Aceites","2027-08-09","Del Monte","34.26","498"
"Gatorade 1L","75015545910","Bebidas","2027-11-24","Kern","102.62","193"
"Aceite Coco 12u","75059574053","Aceites","2027-03-23","Maggi","125.55","418"
"Tortilla Maiz 750ml #899","75091915342","Panaderia","2026-05-06","Colgate","100.25","145"
"Avena 250g","75016922907","Granos","2027-02-25","Coca Cola","36.97","205"
"Jugo Naranja 500ml","75035676287","Bebidas","2027-06-12","Ducal","40.21","149"
"Aguacate 750ml","75019833979","Verduras","2026-01-10","La Costena","21.29","61"
"Pepino 350ml","75083577023","Verduras","2026-03-20","Quaker","134.76","222"
"Leche Entera 750ml","75034515614","Lacteos","2026-01-24","La Costena","35.44","123"
"Muslo Pollo 3u","75051805775","Carnes","2027-04-03","Kelloggs","90.47","281"
"Aceite Oliva 350ml","75030897892","Aceites","2026-04-13","Colgate","64.8","64"
"Cheetos 1kg","75097340208","Snacks","2027-09-02","Bayer","22.74","283"
"Garbanzo 500ml","75067832109","Granos","2026-11-11","Del Monte","43.04","23"
"Jabon Bano 100g","75069635166","Higiene","2026-08-05","Kelloggs","79.6","341"
"Cafe Frio 1L","75062014475","Bebidas","2026-03-13","Bayer","101.6","23"
"Pan Integral","75050333575","Panaderia","2027-09-04","Gallo","80.3","407"
"Mantequilla 3u","75021461826","Lacteos","2027-09-08","Ducal","76.31","463"
"Muslo Pollo","75037937732","Carnes","2027-05-05","Bimbo","98.84","416"
"Sandia 3u","75095378911","Frutas","2026-11-28","Pilsener","148.9","83"
"Brocoli 250g","75042794693","Verduras","2026-01-26","Parma","91.93","251"
"Cebolla 100g","75031199331","Verduras","2026-01-08","Gallo","122.43","452"
"Pan Integral 12u","75010274761","Panaderia","2026-11-03","Bayer","75.73","279"
"Zanahoria 100g","75041268806","Verduras","2026-01-09","Bimbo","72.78","217"
"Escoba 12u","75084096439","Limpieza","2026-08-28","Procter","53.24","121"
"Te Helado 500g","75031118484","Bebidas","2026-05-22","Knorr","35.92","452"
"Queso Fresco 3u #801","75094994104","Lacteos","2026-03-27","Pilsener","6.77","157"
"Mango 350ml","75069517961","Frutas","2026-10-16","La Costena","63.17","318"
"Carne Molida 600ml","75041620219","Carnes","2026-05-13","Unilever","58.69","229"
"Frijol Negro 350ml","75063965762","Granos","2027-04-02","Kern","86.43","19"
"Aceite Vegetal 200g","75069926813","Aceites","2027-08-12","Knorr","36.17","44"
"Pasta Dental 200g","75093674697","Higiene","2027-03-19","Colgate","56.58","213"
"Bistec Res 1kg","75070398232","Carnes","2026-09-17","Colgate","70.36","115"
"Queso Cheddar 500ml #803","75010455706","Lacteos","2027-07-26","Del Monte","21.42","319"
"Tortilla Maiz 3u","75058474751","Panaderia","2026-03-03","Bimbo","121.92","355"
"Pepino 12u","75051969436","Verduras","2027-02-02","Lipton","96.61","499"
"Gatorade 500ml","75026548283","Bebidas","2026-11-04","Colgate","87.03","6"
"Coca Cola 750ml","75048044547","Bebidas","2027-04-02","McCormick","93.93","249"
"Aceite Soya","75086458131","Aceites","2027-05-12","La Costena","132.01","121"
"Lechuga 2kg","75077300039","Verduras","2027-04-09","Kern","102.05","68"
"Galletas Oreo 250ml","75046553282","Snacks","2027-12-18","Maggi","65.37","496"
"Limonada 600ml","75038868997","Bebidas","2026-09-18","Kelloggs","27.24","458"
"Pepino 200g","75099196575","Verduras","2027-05-15","Del Monte","16.09","95"
"Lenteja Roja 750ml","75048952886","Granos","2026-07-04","Ducal","24.93","37"
"Yogurt Natural 12u","75024536279","Lacteos","2027-07-13","Quaker","120.37","84"
"Jabon Platos 600ml","75025554822","Limpieza","2027-08-19","Kern","128.56","160"
"Baguette 250g","75075226176","Panaderia","2026-02-24","Ducal","136.36","221"
"Baguette 500g","75033925248","Panaderia","2026-08-27","Del Monte","51.68","452"
"Brocoli 750ml","75059456237","Verduras","2027-02-09","Pilsener","81.91","307"
"Papas Fritas 600ml","75074180398","Snacks","2026-08-06","Del Monte","45.89","226"
"Garbanzo 12u","75017159264","Granos","2027-08-19","Quaker","4.88","261"
"Avena 500g","75041150040","Granos","2027-08-22","Colgate","106.65","422"
"Lenteja Roja 600ml #834","75024864390","Granos","2027-07-05","Bayer","65.35","363"
"Papas Fritas 500ml","75040144049","Snacks","2026-05-18","Kern","43.16","341"
"Acondicionador 100g","75021198889","Higiene","2027-01-11","Bimbo","38.83","150"
"Suavizante 200ml","75054071101","Limpieza","2026-01-03","Bimbo","18.03","255"
"Trapeador 200g","75027089598","Limpieza","2027-12-08","Nestle","48.19","352"
"Papel Higienico 750ml","75088770311","Higiene","2027-04-25","Nestle","47.95","414"
"Pepino 1u","75030612719","Verduras","2027-05-01","Del Monte","131.9","465"
"Cloro","75021559160","Limpieza","2027-05-08","Ducal","54.13","249"
"Leche Chocolate 3u #819","75033496050","Lacteos","2027-05-09","Unilever","56.1","264"
"Jamon Pavo 6u #946","75088026193","Carnes","2026-08-12","Coca Cola","76.95","227"
"Manzana Roja 250ml #573","75020128269","Frutas","2027-05-18","Lipton","76.76","493"
"Longaniza","75064735239","Carnes","2027-11-04","Bimbo","12.42","399"
"Tortilla Maiz 2kg","75023928511","Panaderia","2027-06-28","Bimbo","16.13","354"
"Cheetos 3u #723","75059164467","Snacks","2026-09-27","Bimbo","99.08","104"
"Bistec Res 350ml #934","75060232204","Carnes","2027-12-04","Bayer","142.55","299"
"Chorizo 200ml","75032490930","Carnes","2026-06-12","Bimbo","12.46","301"
"Manzana Roja 1u","75071600457","Frutas","2027-12-28","Ducal","116.38","438"
"Chorizo 200g","75011232701","Carnes","2026-01-07","Coca Cola","50.85","493"
"Sandia 12u","75096509789","Frutas","2027-03-08","La Costena","84.04","473"
"Avena 500ml #841","75026335814","Granos","2027-11-20","Del Monte","64.63","473"
"Zanahoria 250g","75038778254","Verduras","2026-02-11","McCormick","14.45","417"
"Carne Molida","75081854263","Carnes","2026-07-05","Gallo","134.36","244"
"Pretzels 600ml","75032923998","Snacks","2027-08-14","Quaker","28.62","355"
"Croissant 350ml","75037819051","Panaderia","2027-05-19","La Costena","5.35","138"
"Aceite Oliva 750ml #646","75030802279","Aceites","2026-03-25","Nestle","9.47","223"
"Papaya 500g","75091514781","Frutas","2026-07-07","Kern","80.4","330"
"Pan Dulce 1u","75044643772","Panaderia","2026-04-01","Knorr","31.22","297"
"Arroz Blanco 1L","75068177405","Granos","2026-03-21","Unilever","22.93","243"
"Carne Molida 1L","75019905087","Carnes","2027-08-26","La Costena","132.36","486"
"Papa 12u","75098672671","Verduras","2026-10-10","Procter","124.13","471"
"Aguacate 3u","75088461461","Verduras","2027-02-24","Kern","147.22","154"
"Trapeador 12u","75044446809","Limpieza","2026-08-07","Del Monte","35.05","229"
"Melon 1kg","75025447198","Frutas","2027-09-20","McCormick","122.81","91"
"Tocino 250ml","75092567901","Carnes","2026-04-01","Del Monte","28.12","46"
"Crema Agria 600ml","75046235763","Lacteos","2026-04-01","Unilever","21.72","237"
"Lechuga 200ml","75029894014","Verduras","2026-02-07","Colgate","96.15","330"
"Queso Mozzarella 1L","75046539997","Lacteos","2026-04-08","Quaker","103.29","87"
"Pan Dulce 3u","75072356254","Panaderia","2027-09-21","Gallo","19.2","131"
"Pan Centeno 750ml","75015785472","Panaderia","2027-01-18","Colgate","69.63","37"
"Longaniza 250ml","75036408266","Carnes","2027-01-26","Nestle","36.17","451"
"Queso Fresco 350ml","75051183074","Lacteos","2026-12-27","Unilever","81.96","166"
"Manzana Roja 350ml","75076006413","Frutas","2027-05-03","Unilever","73.58","373"
"Cebada 750ml","75047249670","Granos","2026-03-27","Kelloggs","4.72","199"
"Cebolla 600ml #613","75023039493","Verduras","2027-11-25","Ducal","52.08","452"
"Queso Cheddar 1L","75025593021","Lacteos","2026-09-08","La Costena","59.22","246"
"Manzana Roja 250ml","75026036455","Frutas","2027-05-28","Parma","125.97","145"
"Longaniza 250ml #952","75042739796","Carnes","2026-04-24","Bimbo","19.15","181"
"Escoba 12u #716","75032471833","Limpieza","2026-03-04","Ducal","39.74","379"
"Muslo Pollo 350ml","75077158223","Carnes","2027-09-04","Procter","87.39","374"
"Frijol Rojo 200ml","75025093848","Granos","2027-09-18","Nestle","82.3","205"
"Papa 250ml","75091765483","Verduras","2026-05-24","Bimbo","93.02","123"
"Naranja 3u","75044697217","Frutas","2027-12-06","Gallo","149.12","456"
"Detergente Ropa 3u","75023073991","Limpieza","2027-06-12","Parma","53.68","271"
"Detergente Ropa 350ml","75054295249","Limpieza","2026-03-08","Lipton","124.77","77"
"Bistec Res 3u","75050981424","Carnes","2027-01-27","Coca Cola","39.81","183"
"Bistec Res 600ml","75091460124","Carnes","2026-02-13","Nestle","56.87","171"
"Garbanzo 500ml #433","75014807569","Granos","2026-11-16","Parma","79.23","178"
"Tortilla Harina","75068336273","Panaderia","2027-05-04","Nestle","113.15","340"
"Pan Blanco 1kg","75023564926","Panaderia","2027-01-02","Lipton","97.8","327"
"Chorizo 250ml","75086946416","Carnes","2027-12-21","Nestle","3.68","414"
"Pepsi 600ml","75094812690","Bebidas","2026-07-09","Unilever","64.15","99"
"Aceite Sesamo","75062126666","Aceites","2026-11-19","Nestle","35.11","427"
"Gomitas 12u","75067192290","Snacks","2026-10-13","Kelloggs","16.01","450"
"Pechuga Pollo 1kg","75079054200","Carnes","2027-03-10","Lipton","77.98","370"
"Aceite Oliva 200ml","75011300253","Aceites","2026-10-21","Del Monte","30.46","100"
"Aceite Aguacate 1u #672","75071611218","Aceites","2027-01-14","La Costena","22.25","121"
"Pan Integral 350ml","75031103257","Panaderia","2027-04-09","Kelloggs","43.48","490"
"Chile Jalapeno 600ml","75047291390","Verduras","2026-03-27","Kern","106.25","278"
"Mango 250g #972","75088141373","Frutas","2027-12-10","Colgate","53.19","380"
"Aceite Aguacate 1u","75080310441","Aceites","2026-03-14","Procter","26.98","67"
"Fresa 600ml #969","75020228815","Frutas","2026-04-12","McCormick","3.74","32"
"Brocoli 1kg","75072743685","Verduras","2026-01-06","Parma","71.91","22"
"Trapeador 1L","75061934499","Limpieza","2027-09-04","Kern","139.72","97"
"Pepsi 1kg","75031223778","Bebidas","2026-03-06","Procter","19.88","116"
"Pasta Dental 750ml","75014668500","Higiene","2027-12-16","Pilsener","113.48","478"
"Leche Descremada 250g","75051623577","Lacteos","2027-04-13","Colgate","65.2","37"
"Pan Centeno 600ml","75063348456","Panaderia","2026-02-13","Kelloggs","94.45","236"
"Manteca Vegetal 350ml #678","75028647415","Aceites","2027-07-09","Pilsener","48.1","151"
"Galleta Maria 200ml","75063142187","Panaderia","2027-07-14","Colgate","55.43","100"
"Uva Verde 3u","75032900801","Frutas","2026-04-05","Knorr","32.18","498"
"Trail Mix 350ml","75037121843","Snacks","2026-11-15","La Costena","107.08","271"
"Frijol Rojo 250g","75044258812","Granos","2026-09-07","Pilsener","132.39","495"
"Leche Entera 350ml","75097976641","Lacteos","2027-10-05","Parma","134.96","54"
"Avena 1kg","75099512648","Granos","2026-12-06","Kelloggs","142.83","41"
"Esponja","75051565833","Limpieza","2027-02-08","Kelloggs","22.04","149"
"Baguette 12u","75088184830","Panaderia","2026-01-18","Kelloggs","140.51","88"
"Papas Fritas 200ml","75066702909","Snacks","2027-11-19","Nestle","123.66","196"
"Galletas Oreo 3u","75085177847","Snacks","2027-06-26","Knorr","5.27","77"
"Longaniza 6u","75012879918","Carnes","2027-01-28","Ducal","92.94","50"
"Agua Pura 500ml","75035135961","Bebidas","2027-01-21","Coca Cola","39.66","21"
"Queso Cheddar 3u","75026306852","Lacteos","2026-12-08","Procter","63.0","123"
"Cepillo Dental 6u","75036704875","Higiene","2026-01-02","Coca Cola","110.3","105"
"Yogurt Fresa 600ml","75038048955","Lacteos","2026-02-15","Nestle","25.51","461"
"Jabon Platos 6u","75039552111","Limpieza","2026-08-03","Parma","32.48","485"
"Kombucha 750ml","75096544202","Bebidas","2026-09-08","McCormick","108.21","463"
"Shampoo 100g","75015659370","Higiene","2027-12-03","Gallo","139.91","325"
"Maiz Pozolero 350ml #449","75014911433","Granos","2026-04-07","Kern","65.21","142"
"Muslo Pollo 1L","75089302076","Carnes","2026-10-17","Ducal","92.26","468"
"Carne Molida 350ml","75073609164","Carnes","2027-12-23","Lipton","140.08","7"
"Papaya 200g #979","75087401957","Frutas","2027-01-12","Pilsener","64.6","93"
"Aceite Oliva 1kg","75086827989","Aceites","2026-03-16","Bimbo","101.56","88"
"Jabon Bano 600ml","75022368480","Higiene","2026-11-19","Ducal","108.82","338"
"Manzana Roja 750ml","75087256257","Frutas","2027-01-15","La Costena","50.46","45"
"Papel Higienico 250ml","75032895513","Higiene","2027-04-05","Unilever","22.14","179"
"Palomitas","75019332952","Snacks","2026-12-09","Coca Cola","78.43","463"
"Agua Pura 500g","75052059642","Bebidas","2026-03-18","Nestle","25.64","362"
"Cafe Frio 350ml","75062205413","Bebidas","2027-06-17","Maggi","89.85","194"
"Espinaca 600ml","75035050042","Verduras","2027-11-10","Gallo","32.48","350"
"Pan Frances 200ml","75016998144","Panaderia","2026-11-23","Colgate","6.79","5"
"Toallas Humedas 2kg #776","75049069071","Higiene","2027-10-22","Coca Cola","106.39","358"
"Croissant 100g","75052801955","Panaderia","2026-06-27","Coca Cola","105.21","154"
"Papel Higienico","75015151021","Higiene","2027-04-15","Parma","20.97","430"
"Pan Frances","75064928941","Panaderia","2026-06-06","La Costena","85.66","447"
"Pan Frances #896","75083240124","Panaderia","2027-02-25","Kelloggs","29.49","121"
"Queso Fresco 350ml #799","75053979674","Lacteos","2026-01-22","Ducal","104.9","412"
"Maiz Pozolero 1kg","75099081427","Granos","2026-10-21","Pilsener","66.22","457"
"Aceite Coco 1L #1035","75022668383","Aceites","2026-04-14","Lipton","35.28","37"
"Arroz Integral 200ml","75051341609","Granos","2026-12-14","Maggi","74.48","291"
"Pan Centeno 200g","75031334997","Panaderia","2026-07-10","Del Monte","9.58","443"
"Yogurt Fresa 250ml","75061207790","Lacteos","2027-03-14","Knorr","114.21","214"
"Naranja #961","75082500214","Frutas","2026-01-04","Maggi","136.55","458"
"Pan Centeno 1L","75010339002","Panaderia","2027-03-23","Procter","49.8","112"
"Aceite Oliva 250g","75030784598","Aceites","2027-08-14","Unilever","99.32","445"
"Lenteja Roja 600ml","75053952941","Granos","2026-04-08","La Costena","84.63","414"
"Desodorante 200ml","75045297097","Higiene","2027-06-05","Pilsener","80.85","406"
"Crema Agria 1u","75020655980","Lacteos","2027-05-04","Nestle","10.54","345"
"Pechuga Pollo 750ml","75031210103","Carnes","2026-07-27","Parma","79.1","418"
"Pepsi 200ml","75024273707","Bebidas","2026-01-27","Lipton","19.65","121"
"Papa 200g","75010868440","Verduras","2026-03-14","Parma","87.54","280"
"Queso Mozzarella #813","75093230975","Lacteos","2026-08-05","Coca Cola","135.83","266"
"Banana 2kg","75070551934","Frutas","2026-04-04","Ducal","128.46","286"
"Frijol Negro 250ml","75077895425","Granos","2027-10-14","Kelloggs","74.66","409"
"Jabon Platos","75050597482","Limpieza","2027-02-04","Kelloggs","129.82","497"
"Toallas Humedas 1L","75060405088","Higiene","2027-04-25","Bayer","76.7","287"
"Aceite Canola 350ml","75019831618","Aceites","2026-03-07","Parma","91.07","49"
"Papaya 200g","75056262061","Frutas","2026-03-26","Kelloggs","54.07","217"
"Galleta Maria 750ml #523","75021306362","Panaderia","2027-04-17","Gallo","15.38","118"
"Gomitas 1kg","75074357228","Snacks","2026-01-26","Gallo","92.75","163"
"Aceite Vegetal 2kg","75081270736","Aceites","2026-01-25","Ducal","76.89","382"
"Palomitas 6u","75012634637","Snacks","2026-08-28","Coca Cola","137.62","436"
"Coca Cola 100g","75032089553","Bebidas","2027-10-21","Quaker","36.83","402"
"Cepillo Dental 3u","75030023479","Higiene","2026-12-16","Del Monte","24.03","489"
"Cafe Frio","75010657684","Bebidas","2027-02-18","La Costena","40.0","124"
"Arroz Blanco 1L #823","75065480679","Granos","2027-05-03","Kern","143.83","287"
"Banana 500ml","75028408574","Frutas","2026-01-06","Nestle","40.75","309"
"Esponja 100g","75063815449","Limpieza","2026-07-11","Bimbo","45.44","162"
"Tocino 750ml","75099254829","Carnes","2027-10-23","Unilever","30.37","452"
"Trail Mix 12u","75092826912","Snacks","2026-12-01","Unilever","17.15","423"
"Mantequilla 250ml #809","75014571373","Lacteos","2026-10-28","Pilsener","144.68","438"
"Gatorade 2kg","75028609264","Bebidas","2026-11-15","Del Monte","98.26","195"
"Te Helado 200g #477","75045708221","Bebidas","2027-12-23","Kern","59.25","312"
"Sandia 750ml","75033423875","Frutas","2026-10-16","Unilever","134.3","186"
"Doritos 750ml #720","75098767736","Snacks","2027-01-15","Del Monte","129.07","268"
"Chile Jalapeno 12u","75099804921","Verduras","2027-07-05","Pilsener","73.71","231"
"Arroz Integral","75075519624","Granos","2027-08-15","Procter","22.62","333"
"Mango 1L","75017248054","Frutas","2026-09-07","Quaker","13.85","432"
"Enjuague Bucal 12u","75088851481","Higiene","2026-09-04","Ducal","144.94","283"
"Salchicha 1u #950","75071300844","Carnes","2026-12-28","Lipton","132.33","477"
"Melon 350ml","75064469921","Frutas","2026-12-22","Knorr","90.72","426"
"Papaya 500ml #977","75030401153","Frutas","2026-08-26","Coca Cola","25.23","289"
"Zanahoria 1u","75098792033","Verduras","2027-09-22","Parma","123.04","374"
"Bolsa Basura 1kg #708","75018802690","Limpieza","2027-07-27","Gallo","99.86","356"
"Banana 500ml #578","75071375362","Frutas","2026-10-15","Knorr","86.42","459"
"Doritos 6u","75069140884","Snacks","2027-02-06","McCormick","11.03","479"
"Detergente Ropa 600ml","75092045410","Limpieza","2027-11-02","Lipton","82.97","192"
"Toallas Humedas 2kg","75019173521","Higiene","2026-06-03","Kelloggs","145.74","269"
"Aceite Canola 600ml","75036151734","Aceites","2027-12-13","Del Monte","59.47","400"
"Salchicha 500g","75087102297","Carnes","2026-07-08","La Costena","48.03","205"
"Yogurt Fresa 1kg","75017160935","Lacteos","2026-11-27","Maggi","104.67","358"
"Jamon Pavo 12u #942","75051147318","Carnes","2026-12-28","Del Monte","58.25","235"
"Jugo Manzana 500g","75039424354","Bebidas","2027-03-20","Procter","82.9","247"
"Uva Verde 750ml","75059016525","Frutas","2027-03-15","Kern","82.35","45"
"Queso Mozzarella 100g","75024611089","Lacteos","2027-03-14","Gallo","85.24","45"
"Garbanzo 100g #432","75061297223","Granos","2026-10-21","Parma","12.91","401"
"Suavizante 1L","75016856658","Limpieza","2027-11-11","Kern","117.17","427"
"Manteca Vegetal 350ml","75041558227","Aceites","2026-05-21","Nestle","138.8","74"
"Suavizante 6u","75070071643","Limpieza","2026-07-27","Del Monte","129.43","150"
"Garbanzo 500g #435","75057985177","Granos","2026-12-05","Procter","43.36","383"
"Pina 1u","75099869961","Frutas","2027-08-13","Kelloggs","99.59","343"
"Crema Corporal 500g","75090970057","Higiene","2027-09-13","Nestle","85.24","294"
"Frijol Rojo 500g","75055484950","Granos","2027-07-11","Procter","3.21","6"
"Aguacate 200ml","75025858553","Verduras","2026-11-28","Del Monte","46.1","265"
"Limonada 250ml","75012085157","Bebidas","2026-11-22","La Costena","109.55","62"
"Galleta Maria 200ml #913","75025916533","Panaderia","2026-06-15","Unilever","26.94","113"
"Aceite Coco 1L","75011421156","Aceites","2026-02-10","McCormick","94.19","108"
"Desinfectante 350ml","75098291373","Limpieza","2026-04-19","Quaker","69.7","305"
"Aceite Soya 3u","75054790168","Aceites","2027-07-10","Knorr","114.57","477"
"Baguette 500ml","75094939145","Panaderia","2026-05-25","Colgate","56.95","376"
"Salchicha 500ml","75015437209","Carnes","2027-09-19","Bayer","27.06","61"
"Brocoli 3u","75073562667","Verduras","2026-04-18","Kern","124.72","38"
"Pretzels 1kg","75054670395","Snacks","2026-01-05","Kern","34.67","261"
"Aceite Sesamo 1L","75053522101","Aceites","2027-08-01","McCormick","102.54","32"
"Arroz Integral 1u","75052024417","Granos","2026-02-11","Bayer","16.15","426"
"Leche Chocolate 2kg","75034513551","Lacteos","2027-01-13","Nestle","45.42","235"
"Chile Jalapeno 1u","75078543095","Verduras","2027-02-05","Parma","51.58","146"
"Papas Fritas 1u","75011787967","Snacks","2026-03-10","Maggi","145.96","105"
"Cacahuates 600ml","75057612669","Snacks","2027-08-01","Maggi","137.92","226"
"Bistec Res 1u","75031714096","Carnes","2027-07-03","Pilsener","146.77","202"
"Coca Cola 12u","75063075041","Bebidas","2027-09-26","Kern","92.86","281"
"Te Helado 6u","75038718786","Bebidas","2026-09-04","Knorr","54.55","363"
"Manteca Vegetal 1L","75031086360","Aceites","2027-06-21","La Costena","148.29","200"
"Pepino 200ml","75079208273","Verduras","2027-02-02","Del Monte","119.33","122"
"Quinoa 2kg","75039918190","Granos","2026-01-18","Kern","84.08","311"
"Agua Pura 250g","75047570796","Bebidas","2027-06-13","La Costena","89.43","59"
"Gatorade 500g #881","75080549140","Bebidas","2026-10-10","Parma","76.75","395"
"Tortilla Harina 1L","75046215291","Panaderia","2027-11-11","Knorr","132.26","361"
"Uva Verde 2kg","75015281792","Frutas","2027-07-07","Unilever","99.27","281"
"Cheetos 1kg #725","75078217674","Snacks","2027-09-01","Pilsener","77.53","105"
"Banana","75082819071","Frutas","2027-12-22","Knorr","86.98","307"
"Yogurt Natural 500g","75022867971","Lacteos","2027-07-21","Kelloggs","20.92","61"
"Doritos 2kg","75040126552","Snacks","2026-09-09","Nestle","6.93","168"
"Arroz Integral 350ml","75041212149","Granos","2026-07-10","Quaker","74.04","211"
"Aceite Soya 1u","75025169556","Aceites","2027-06-07","Bimbo","79.68","325"
"Pan Centeno 200ml #915","75038524102","Panaderia","2026-06-15","Knorr","108.72","192"
"Banana 1L","75057199983","Frutas","2027-06-12","Bimbo","29.39","263"
"Muslo Pollo 500g","75095441929","Carnes","2027-01-26","Nestle","131.63","267"
"Shampoo 2kg","75062428152","Higiene","2027-06-13","Maggi","111.32","404"
"Frijol Rojo 3u","75071804414","Granos","2027-08-12","Kern","39.43","474"
"Mango 1kg","75015704030","Frutas","2026-01-26","Kelloggs","38.82","51"
"Cebolla 3u #1000","75039051484","Verduras","2026-08-03","Bayer","88.79","449"
"Pretzels 6u","75039080786","Snacks","2027-09-03","Colgate","54.56","149"
"Yogurt Natural","75057647950","Lacteos","2026-06-17","Procter","125.45","313"
"Aceite Oliva 1u","75030343293","Aceites","2026-10-15","La Costena","63.31","417"
"Acondicionador 250g","75063510158","Higiene","2027-10-02","Procter","138.16","435"
"Pechuga Pollo 250g","75043549131","Carnes","2027-04-19","Nestle","120.54","474"
"Melon 100g","75089602842","Frutas","2027-12-09","Coca Cola","45.3","423"
"Limonada 250ml #875","75031493518","Bebidas","2027-12-19","Ducal","100.81","221"
"Enjuague Bucal 600ml","75062638028","Higiene","2026-02-16","Gallo","59.83","126"
"Cloro 3u","75094930789","Limpieza","2027-04-28","Bimbo","147.44","92"
"Jamon Pavo 100g","75072481479","Carnes","2027-03-14","McCormick","60.9","341"
"Yogurt Natural 3u","75046960028","Lacteos","2027-11-02","Parma","35.22","223"
"Lechuga 12u","75038977816","Verduras","2026-11-07","Colgate","95.19","309"
"Aceite Soya 200ml","75027210579","Aceites","2027-01-03","Ducal","77.3","194"
"Pan Blanco 200g","75040081645","Panaderia","2026-07-16","La Costena","144.74","142"
"Pechuga Pollo 600ml","75064066818","Carnes","2026-07-28","Pilsener","123.07","275"
"Shampoo 500ml","75016171903","Higiene","2026-07-02","Bimbo","92.62","305"
"Longaniza 3u","75012076681","Carnes","2027-08-19","Maggi","109.95","106"
"Pan Integral #890","75037680794","Panaderia","2026-03-06","Lipton","119.73","159"
"Aceite Soya 200g #1047","75075820440","Aceites","2027-02-05","Bimbo","116.44","105"
"Papel Higienico 1kg","75040861668","Higiene","2026-11-10","Bayer","18.68","426"
"Jamon Pavo 250ml","75041710639","Carnes","2026-09-11","Ducal","111.03","428"
"Maiz Pozolero 350ml","75049140314","Granos","2027-09-12","La Costena","44.21","349"
"Arroz Integral 1L","75041960472","Granos","2026-10-05","Lipton","18.51","111"
"Aguacate 200g","75094620213","Verduras","2027-09-08","Coca Cola","65.72","38"
"Enjuague Bucal 350ml","75026547429","Higiene","2027-07-12","La Costena","65.48","107"
"Yogurt Natural 3u #392","75085164752","Lacteos","2027-07-02","Kern","146.97","358"
"Cebada 6u","75099915666","Granos","2027-01-10","Pilsener","97.57","6"
"Tomate 12u #992","75015653576","Verduras","2026-08-04","Lipton","106.11","358"
"Lechuga","75087657149","Verduras","2026-10-11","Coca Cola","64.45","478"
"Uva Verde 1kg","75062986233","Frutas","2027-02-05","Knorr","127.98","37"
"Banana 12u","75071025862","Frutas","2027-10-18","Parma","67.64","325"
"Escoba 1u","75026409751","Limpieza","2026-06-25","Parma","63.42","207"
"Limpia Vidrios 250g","75077190816","Limpieza","2027-06-07","Del Monte","34.89","248"
"Aceite Girasol 250ml","75059540879","Aceites","2026-04-24","Del Monte","5.52","298"
"Salchicha 200g","75096228826","Carnes","2027-04-21","Knorr","141.1","233"
"Coca Cola 500ml","75054666615","Bebidas","2026-07-08","Coca Cola","109.07","288"
"Pepino 100g","75037201595","Verduras","2026-01-19","Bimbo","20.36","313"
"Papaya 350ml","75030557510","Frutas","2027-10-11","McCormick","84.49","260"
"Jamon Pavo","75016759301","Carnes","2026-04-12","Kelloggs","121.13","358"
"Doritos 1kg","75033054058","Snacks","2027-02-28","Gallo","17.23","241"
"Aceite Girasol 750ml","75047231276","Aceites","2027-08-04","Unilever","104.99","68"
"Maiz Pozolero 250ml","75024807873","Granos","2026-09-04","Bimbo","114.09","97"
"Crema Agria","75014633679","Lacteos","2027-04-04","Maggi","15.61","96"
"Naranja 250ml #960","75046277657","Frutas","2026-06-01","Unilever","21.25","261"
"Aceite Oliva 6u","75020512393","Aceites","2026-03-08","Parma","68.07","190"
"Lenteja Roja 1u","75069581190","Granos","2026-04-08","Maggi","50.5","153"
"Aceite Aguacate 250g #1050","75050907862","Aceites","2027-01-08","Kern","99.89","190"
"Trail Mix 500ml","75084900445","Snacks","2027-07-04","Colgate","7.08","113"
"Manzana Roja #576","75013836900","Frutas","2026-11-18","Colgate","29.36","88"
"Tortilla Maiz 3u #507","75037682651","Panaderia","2026-12-10","Parma","116.99","349"
"Queso Fresco 250g","75099365685","Lacteos","2027-07-03","Pilsener","138.81","104"
"Crema Agria 350ml","75090989073","Lacteos","2026-12-27","Kern","27.1","429"
"Tortilla Maiz 1L","75038950272","Panaderia","2027-06-07","Parma","45.8","256"
"Aguacate","75059131001","Verduras","2027-06-24","Parma","45.1","260"
"Tomate 500ml","75023068464","Verduras","2026-04-07","Del Monte","124.16","177"
"Mantequilla 600ml","75074657064","Lacteos","2027-05-23","Parma","80.16","366"
"Leche Entera","75068544165","Lacteos","2027-04-28","Maggi","82.03","155"
"Leche Descremada 3u","75034333591","Lacteos","2026-03-09","Bimbo","115.0","115"
"Aceite Oliva 600ml","75050504822","Aceites","2026-08-07","Maggi","58.24","91"
"Crema Agria 250g","75016162863","Lacteos","2026-02-16","Kern","68.76","488"
"Pan Centeno 1L #525","75088994370","Panaderia","2026-12-05","Maggi","6.31","258"
"Jugo Manzana 750ml","75082457844","Bebidas","2027-03-01","Pilsener","28.67","374"
"Quinoa 600ml","75028712272","Granos","2027-11-02","Procter","14.23","170"
"Te Helado 3u","75024026760","Bebidas","2026-01-11","Kern","70.36","197"
"Pan Blanco 2kg","75041892694","Panaderia","2027-01-13","Bayer","115.33","308"
"Pan Frances 1u","75086494925","Panaderia","2026-03-26","Bimbo","11.75","222"
"Trail Mix 6u","75064960255","Snacks","2026-08-06","Parma","47.02","422"
"Croissant 1L #906","75038597292","Panaderia","2027-05-05","Quaker","38.72","43"
"Cebada 200ml","75031299050","Granos","2027-01-01","Lipton","125.18","400"
"Costilla Cerdo 1kg","75067020977","Carnes","2027-02-12","Lipton","33.79","399"
"Pina 200ml","75068683217","Frutas","2026-01-21","Pilsener","19.74","191"
"Frijol Negro 1L","75072044025","Granos","2027-03-26","Kern","14.3","437"
"Jugo Naranja 500g","75016256986","Bebidas","2026-04-11","Bimbo","60.91","173"
